id,gender,masterCategory,subCategory,articleType,baseColour,season,year,usage,productDisplayName
24050,Men,Apparel,Topwear,Tshirts,Blue,Fall,2011.0,Casual,Locomotive Men Printed Blue T-shirt
13967,Men,Apparel,Topwear,Tshirts,Red,Fall,2011.0,Casual,Ed Hardy Men Printed Red Tshirts
4256,Men,Apparel,Topwear,Tshirts,Grey Melange,Summer,2011.0,Casual,Inkfruit Men Grey Melange Printed T-shirt
50194,Boys,Apparel,Topwear,Tshirts,Black,Summer,2012.0,Casual,Gini and Jony Boys Black T-shirt
58372,Men,Apparel,Topwear,Tshirts,Beige,Summer,2012.0,Casual,Locomotive Men Beige T-shirt
4361,Men,Apparel,Topwear,Tshirts,Blue,Summer,2011.0,Casual,Free Authority Men's Melting Times Blue T-shirt
34041,Boys,Apparel,Topwear,Shirts,Red,Summer,2012.0,Casual,Gini and Jony Boys Check Red Shirt
33249,Men,Apparel,Topwear,Shirts,White,Summer,2012.0,Formal,Arrow Men Blue Striped Shirt
12180,Men,Apparel,Topwear,Shirts,White,Fall,2011.0,Casual,Basics Men White Slim Fit Checked Shirt
7053,Men,Apparel,Topwear,Shirts,Blue,Summer,2011.0,Casual,s.Oliver Men Striped Dark Blue Shirt
12003,Men,Apparel,Topwear,Shirts,Grey,Fall,2011.0,Formal,Mark Taylor Men Grey Striped Shirt
9256,Men,Apparel,Topwear,Shirts,Blue,Fall,2011.0,Formal,Mark Taylor Men Blue Striped Shirt
15259,Women,Footwear,Shoes,Casual Shoes,White,Fall,2011.0,Casual,ADIDAS Originals Women Top Ten low Sleek White Casual Shoes
25420,Men,Footwear,Shoes,Casual Shoes,Black,Spring,2013.0,Casual,Nike Men Lite Force Black & White Shoes
54739,Men,Footwear,Shoes,Casual Shoes,Grey,Summer,2012.0,Casual,Vans Men Grey Del Norte Canvas Shoes
6497,Men,Footwear,Shoes,Casual Shoes,Brown,Winter,2018.0,Casual,Red Tape Men's Leather Brown Shoe
15502,Women,Footwear,Shoes,Casual Shoes,Brown,Fall,2011.0,Casual,Carlton London Women Casual Brown Casual Shoes
35465,Men,Footwear,Shoes,Casual Shoes,Blue,Fall,2012.0,Casual,Franco Leone Men Blue Shoes
46308,Women,Accessories,Watches,Watches,White,Winter,2016.0,Casual,Fossil Women White Dial Watch AM4183
51556,Men,Accessories,Watches,Watches,Black,Winter,2016.0,Casual,Fastrack Men Black Dial Watch
45174,Men,Accessories,Watches,Watches,Black,Winter,2016.0,Casual,CASIO ENTICER Men Black Dial Analogue Watch A582
40549,Women,Accessories,Watches,Watches,Black,Winter,2016.0,Casual,Titan Women Black Watch
25651,Men,Accessories,Watches,Watches,Black,Summer,2017.0,Casual,Fastrack Men Black Dial Watch N9336SL03
40517,Men,Accessories,Watches,Watches,Cream,Winter,2016.0,Casual,Titan Men Cream Dial Watch
15314,Men,Footwear,Shoes,Sports Shoes,White,Fall,2011.0,Sports,ADIDAS Men Ranger White Sports Shoes
24455,Women,Footwear,Shoes,Sports Shoes,White,Summer,2012.0,Casual,Nike Women Court Majestic White Shoes
22699,Men,Footwear,Shoes,Sports Shoes,Black,Summer,2011.0,Sports,Nike Men Ballista Black Sports Shoes
5350,Men,Footwear,Shoes,Sports Shoes,White,Fall,2011.0,Sports,Artengo Artengo 522c Man Synthe
34733,Women,Footwear,Shoes,Sports Shoes,Blue,Summer,2012.0,Sports,Puma Women Faas 300 Blue & Pink Sports Shoes
42091,Women,Footwear,Shoes,Sports Shoes,Black,Summer,2012.0,Sports,ADIDAS Women Black Adi LS Move Shoes
36832,Women,Apparel,Topwear,Kurtas,Green,Summer,2012.0,Ethnic,Vishudh Women Green White & Green Kurta
58658,Women,Apparel,Topwear,Kurtas,Green,Summer,2012.0,Ethnic,ALayna Women Green Kurta
12789,Women,Apparel,Topwear,Kurtas,White,Fall,2011.0,Ethnic,Mother Earth Women Sajiya Collt White Kurtas
22031,Women,Apparel,Topwear,Kurtas,Blue,Fall,2011.0,Ethnic,Vishudh Women Printed Blue Kurta
39452,Women,Apparel,Topwear,Kurtas,Blue,Summer,2012.0,Ethnic,Diva Women Printed Blue Kurta
12089,Women,Apparel,Topwear,Kurtas,Brown,Fall,2011.0,Ethnic,W Women Brown Printed Kurta
7704,Women,Apparel,Topwear,Tops,Red,Fall,2011.0,Casual,Jealous 21 Women's She's Got Attitude Red Top
4920,Women,Apparel,Topwear,Tops,Pink,Summer,2011.0,Casual,Gini and Jony Girl's Veeya Pink Infant Kidswear
30946,Women,Apparel,Topwear,Tops,Blue,Summer,2012.0,Ethnic,Fabindia Women Blue Cambric Top
4884,Women,Apparel,Topwear,Tops,Purple,Summer,2011.0,Casual,Levis Kids Girl's Darcy Purple Teens Kidswear
48504,Women,Apparel,Topwear,Tops,Blue,Summer,2012.0,Casual,French Connection Women Blue Top
38848,Women,Apparel,Topwear,Tops,Grey,Summer,2012.0,Casual,Latin Quarters Women Grey Top
58172,Women,Accessories,Bags,Handbags,Grey,Fall,2012.0,Casual,Rocky S Women Stone Grey Handbag
54388,Women,Accessories,Bags,Handbags,Brown,Summer,2012.0,Casual,Baggit Women Brown Handbag
44278,Women,Accessories,Bags,Handbags,Black,Summer,2012.0,Casual,Murcia Women Black Handpainted Print Handbag
17129,Women,Accessories,Bags,Handbags,Black,Winter,2015.0,Casual,Lino Perros Women Classic Black  Handbag
57846,Unisex,Accessories,Bags,Handbags,Beige,Summer,2012.0,Casual,Lino Perros Unisex Beige Sling Bag
36505,Women,Accessories,Bags,Handbags,White,Summer,2012.0,Casual,United Colors of Benetton Women White Handbag
22502,Women,Footwear,Shoes,Heels,Blue,Winter,2015.0,Casual,Catwalk  Women Blue Casual Flats
39591,Women,Footwear,Shoes,Heels,Blue,Winter,2015.0,Casual,Catwalk Women Blue Wedges
32841,Women,Footwear,Shoes,Heels,Gold,Winter,2012.0,Casual,Grendha Women Jola Cigana Gold Flats
45362,Women,Footwear,Shoes,Heels,Olive,Summer,2016.0,Casual,Cobblerz Women Olive Green Sandals
54142,Women,Footwear,Shoes,Heels,Beige,Winter,2012.0,Casual,Rocia Women Beige Sandals
56961,Women,Footwear,Shoes,Heels,Black,Winter,2012.0,Casual,HM Women Black Flats
28413,Men,Accessories,Eyewear,Sunglasses,Metallic,Winter,2016.0,Casual,Idee Men Metallic Sunglasses
51716,Women,Accessories,Eyewear,Sunglasses,Brown,Winter,2016.0,Casual,Allen Solly Women Wayfarer Sunglasses AS 236 C2
38210,Men,Accessories,Eyewear,Sunglasses,Black,Winter,2016.0,Casual,Polaroid Men Sunglasses
16890,Unisex,Accessories,Eyewear,Sunglasses,Black,Winter,2016.0,Casual,Police Unisex Casual Black Sunglasses
38222,Unisex,Accessories,Eyewear,Sunglasses,Brown,Winter,2016.0,Casual,Polaroid Unisex Sunglasses
28190,Men,Accessories,Eyewear,Sunglasses,Gold,Winter,2016.0,Casual,Ray-Ban Men Aviator Sunglasses
14965,Men,Accessories,Wallets,Wallets,Brown,Fall,2011.0,Formal,Newhide Smooth Finish Wallet
43392,Men,Accessories,Wallets,Wallets,Brown,Summer,2012.0,Casual,Lino Perros Men Brown Wallet
36093,Men,Accessories,Wallets,Wallets,Brown,Summer,2012.0,Casual,OTLS Men Laurel Brown Wallet
39054,Men,Accessories,Wallets,Wallets,Black,Summer,2012.0,Casual,Belmonte Men Black Wallet
47408,Women,Accessories,Wallets,Wallets,Brown,Summer,2012.0,Casual,Baggit Women Brown Cockroach Parina Wallet
18050,Women,Accessories,Wallets,Wallets,Brown,Winter,2015.0,Casual,Lino Perros Women Solid Brown Wallet
6437,Women,Footwear,Flip Flops,Flip Flops,Purple,Summer,2011.0,Casual,Lotto Women's Hawaian Palms Purple Pink Flip Flop
39953,Men,Footwear,Flip Flops,Flip Flops,Red,Summer,2013.0,Casual,Gas Men Red Freak Flip Flops
58332,Men,Footwear,Flip Flops,Flip Flops,Red,Summer,2012.0,Casual,Lotto Men Red Flip Flops
32184,Men,Footwear,Flip Flops,Flip Flops,Yellow,Summer,2012.0,Casual,ADIDAS Men Adi Surge Yellow Flip Flops
30243,Men,Footwear,Flip Flops,Flip Flops,Black,Summer,2012.0,Casual,Numero Uno Men Black Flip Flops
23826,Unisex,Footwear,Flip Flops,Flip Flops,Blue,Fall,2013.0,Casual,Puma Unisex Blue Miami III Flip Flops
44560,Men,Footwear,Sandal,Sandals,Black,Summer,2012.0,Casual,Coolers Men Black Sandals
35664,Men,Footwear,Sandal,Sandals,Black,Summer,2013.0,Casual,U.S. Polo Assn. Men Black Sandals
2805,Men,Footwear,Sandal,Sandals,Black,Fall,2009.0,Casual,iD Men Casual Leather/Felt Charcoal Sandal
5611,Men,Footwear,Sandal,Sandals,Black,Summer,2011.0,Casual,ADIDAS Men Kendall Black Grey Floater
7330,Men,Footwear,Sandal,Sandals,Black,Summer,2013.0,Casual,Red Tape Men Strappy Black Floater
4108,Men,Footwear,Sandal,Sandals,Navy Blue,Summer,2012.0,Casual,Fila Men Aruba Navy Grey Sandal
15789,Men,Apparel,Innerwear,Briefs,Grey,Summer,2016.0,Casual,Facit Men Grey Comfort Briefs
28043,Men,Apparel,Innerwear,Briefs,Grey Melange,Summer,2016.0,Casual,Jockey ELANCE Men Grey Melange Brief 1008
53537,Women,Apparel,Innerwear,Briefs,Multi,Winter,2015.0,Casual,Amante Women Pack of 3 Assorted Briefs PFCP12
27976,Men,Apparel,Innerwear,Briefs,Charcoal,Winter,2016.0,Casual,Jockey Men Charcoal Zone Stretch Briefs
28896,Women,Apparel,Innerwear,Briefs,Maroon,Summer,2017.0,Casual,Enamor Women Maroon Mid-Rise Bikini Brief
45633,Men,Apparel,Innerwear,Briefs,Navy Blue,Summer,2016.0,Casual,Park Avenue Men Navy Blue Swank Brief
24502,Men,Apparel,Topwear,Belts,Brown,Fall,2015.0,Formal,Pacific Gold Men Brown Leather Belt
20549,Women,Accessories,Belts,Belts,Beige,Winter,2015.0,Casual,Baggit Women Ditto Taj Beige Belt
15218,Men,Accessories,Belts,Belts,Black,Summer,2011.0,Casual,United Colors of Benetton Solid Belt
50229,Women,Accessories,Belts,Belts,Black,Summer,2012.0,Casual,Stoln Women Black Belt
19892,Men,Accessories,Belts,Belts,Black,Fall,2011.0,Casual,Lee Men Canvas Black Belt
36526,Women,Accessories,Belts,Belts,Black,Summer,2012.0,Casual,United Colors of Benetton Women Black Belt
7120,Unisex,Accessories,Bags,Backpacks,Green,Winter,2015.0,Casual,Wildcraft Unisex Green Printed Backpack
15653,Unisex,Accessories,Bags,Backpacks,Navy Blue,Fall,2011.0,Casual,Belkin Unisex Simple Backpack Navy Blue Backpacks
7056,Unisex,Accessories,Bags,Backpacks,Black,Summer,2011.0,Sports,Nike Unisex Trng Max Black Backpack
4583,Unisex,Accessories,Bags,Backpacks,Grey,Winter,2015.0,Casual,Wildcraft Unisex Grey Backpack
39511,Unisex,Accessories,Bags,Backpacks,Orange,Summer,2012.0,Casual,Peter England Unisex Orange Backpack
7123,Unisex,Accessories,Bags,Backpacks,Orange,Winter,2015.0,Casual,Wildcraft Unisex Orange Printed Backpack
36386,Men,Accessories,Socks,Socks,Black,Summer,2016.0,Casual,Reid & Taylor Men Black Socks
14613,Men,Accessories,Socks,Socks,Black,Summer,2011.0,Casual,United Colors of Benetton Men Pack of 2 Black Socks
17389,Men,Accessories,Socks,Socks,Red,Summer,2016.0,Casual,Reid & Taylor Men Solid Red Socks
54339,Men,Accessories,Socks,Socks,Black,Summer,2016.0,Casual,Levis Men Pack of 3 Socks
31990,Men,Accessories,Socks,Socks,Black,Summer,2016.0,Formal,Playboy Men Black Socks
33780,Men,Accessories,Socks,Socks,Navy Blue,Summer,2012.0,Casual,Puma Men Formstripe Navy Blue Socks
9041,Men,Footwear,Shoes,Formal Shoes,Black,Winter,2011.0,Formal,Buckaroo Men Moles Black Formal Shoes
4284,Men,Footwear,Shoes,Formal Shoes,Black,Summer,2011.0,Formal,Rockport Men Arratoon Black Shoe
30260,Men,Footwear,Shoes,Formal Shoes,Black,Winter,2018.0,Casual,Red Tape Men Black Shoes
9702,Men,Footwear,Shoes,Formal Shoes,Brown,Fall,2011.0,Formal,Hush Puppies Men Chevelle Brown Formal Shoes
7230,Men,Footwear,Shoes,Formal Shoes,Brown,Fall,2011.0,Formal,Rockport Men's Myrics Mid Brown Shoe
17822,Men,Footwear,Shoes,Formal Shoes,Black,Fall,2011.0,Formal,Lee Cooper Men  Black Formal Shoe
45690,Women,Personal Care,Fragrance,Perfume and Body Mist,Pink,Spring,2017.0,Casual,Tous Women Perfume
23565,Men,Personal Care,Fragrance,Perfume and Body Mist,Gold,Spring,2017.0,Casual,Baldessarini Ambre Men EDT Perfume
46705,Women,Personal Care,Fragrance,Perfume and Body Mist,White,Spring,2017.0,Casual,Rasasi Women Bubbly Gal Perfume
23592,Men,Personal Care,Fragrance,Perfume and Body Mist,Blue,Spring,2017.0,Casual,Nike Fragrances Men Original Perfume
44130,Women,Personal Care,Fragrance,Perfume and Body Mist,Red,Spring,2017.0,Casual,Boss Women Intense Perfume
56366,Men,Personal Care,Fragrance,Perfume and Body Mist,Green,Spring,2017.0,Casual,Police Men Moving Out 100 ml Perfume
14117,Women,Apparel,Bottomwear,Jeans,Blue,Fall,2011.0,Casual,Flying Machine Women Washed Blue Jeans
11520,Women,Apparel,Bottomwear,Jeans,Black,Fall,2011.0,Casual,United Colors of Benetton Women Denim Black Jeans
5768,Women,Apparel,Bottomwear,Jeans,Blue,Summer,2011.0,Casual,Jealous 21 Women Dark Blue Jeggning
50948,Women,Apparel,Bottomwear,Jeans,Black,Winter,2011.0,Casual,Lee Women Black Jeans
52235,Men,Apparel,Bottomwear,Jeans,Blue,Summer,2012.0,Casual,Pepe Jeans Men Dark Blue Jeans
28794,Men,Apparel,Bottomwear,Jeans,Blue,Summer,2012.0,Casual,Denizen Men Blue Jeans
33146,Boys,Apparel,Bottomwear,Shorts,Blue,Summer,2012.0,Casual,Gini and Jony Boys Blue Shorts
13303,Men,Apparel,Bottomwear,Shorts,Beige,Fall,2011.0,Casual,Gini and Jony Kids Boys Solid Beige Shorts
46390,Men,Apparel,Bottomwear,Shorts,Blue,Summer,2012.0,Casual,ADIDAS Men Blue Cargo Shorts
25039,Men,Apparel,Bottomwear,Shorts,Black,Summer,2011.0,Sports,Nike Men T90 Black Shorts
1982,Women,Apparel,Bottomwear,Shorts,Purple,Fall,2010.0,Casual,Puma Women's Island Shorts Purple
46387,Men,Apparel,Bottomwear,Shorts,Black,Summer,2012.0,Casual,ADIDAS Men Black Shorts
16800,Men,Apparel,Bottomwear,Trousers,Black,Fall,2011.0,Casual,Highlander Men Solid Black Trouser
16071,Men,Apparel,Bottomwear,Trousers,Beige,Fall,2011.0,Casual,Highlander Men Solid Beige Trouser
27614,Men,Apparel,Bottomwear,Trousers,Beige,Summer,2012.0,Casual,Scullers Men Beige Trousers
26817,Men,Apparel,Bottomwear,Trousers,Navy Blue,Summer,2012.0,Formal,Arrow Men Navy Blue Trousers
31570,Men,Apparel,Bottomwear,Trousers,Black,Summer,2012.0,Formal,Mark Taylor Men Striped Black Trousers
16020,Men,Apparel,Bottomwear,Trousers,Grey,Fall,2011.0,Casual,Turtle Solid Men Grey Trouser
42731,Women,Footwear,Shoes,Flats,Black,Winter,2012.0,Casual,Rocia Women Black Sandals
49577,Women,Footwear,Shoes,Flats,Pink,Winter,2015.0,Casual,Catwalk Women Pink Shoes
57014,Women,Footwear,Shoes,Flats,Multi,Winter,2012.0,Casual,HM Women Multicoloured Heels
47450,Women,Footwear,Shoes,Flats,Black,Summer,2012.0,Casual,Tiptopp Women Black Sandals
19033,Women,Footwear,Shoes,Flats,Tan,Winter,2015.0,Casual,Catwalk Women Mary Jane Tan Casual Shoes
56982,Women,Footwear,Shoes,Flats,Black,Winter,2012.0,Casual,HM Women Black Sandals
50995,Women,Apparel,Innerwear,Bra,Pink,Summer,2017.0,Casual,Enamor Trendies Pink Striped Full-Coverage Bra EB37
56278,Women,Apparel,Innerwear,Bra,Skin,Summer,2017.0,Casual,Biara Skin Coloured Everyday Support Bra MW 1002
30510,Women,Apparel,Innerwear,Bra,White,Summer,2014.0,Casual,Lovable Women Spice White Bra
56284,Women,Apparel,Innerwear,Bra,White,Summer,2017.0,Casual,Biara White Everyday Support Bra
56277,Women,Apparel,Innerwear,Bra,Maroon,Summer,2017.0,Casual,Biara Maroon Everyday Support Bra MW 1002
53475,Women,Apparel,Innerwear,Bra,Pink,Summer,2017.0,Casual,Amante Pink Full-Coverage Bra BCSB01
6874,Women,Apparel,Dress,Dresses,Pink,Summer,2011.0,Casual,Forever New Women Pink Sleeveless Dress
31128,Girls,Apparel,Dress,Dresses,Blue,Summer,2012.0,Casual,Gini and Jony Girls Printed Teal Dress
31126,Girls,Apparel,Dress,Dresses,White,Summer,2012.0,Casual,Gini and Jony Girls White Dress
31130,Girls,Apparel,Dress,Dresses,Pink,Summer,2012.0,Casual,Gini and Jony Girls Printed Pink Dress
4984,Women,Apparel,Dress,Dresses,White,Summer,2011.0,Casual,Palm Tree Girls Beyonce White & Blue Dress
25907,Women,Apparel,Dress,Dresses,Purple,Summer,2012.0,Casual,Femella Women Purple Dress
52893,Women,Apparel,Saree,Sarees,Red,Fall,2012.0,Ethnic,FNF Red Printed Sari
49920,Women,Apparel,Saree,Sarees,Green,Fall,2012.0,Ethnic,Fabindia Green Tie & Dye Ghicha Striped Saree
53003,Women,Apparel,Saree,Sarees,Multi,Fall,2012.0,Ethnic,FNF Multi Coloured Printed Sari
59652,Women,Apparel,Saree,Sarees,Purple,Fall,2012.0,Ethnic,FNF Mustard & Purple Evening Wear Sari
53036,Women,Apparel,Saree,Sarees,Blue,Summer,2012.0,Ethnic,FNF Printed Blue Sari
42331,Women,Apparel,Saree,Sarees,Navy Blue,Summer,2012.0,Ethnic,Prafful Navy Crepe Printed Saree
48684,Women,Accessories,Jewellery,Earrings,Silver,Fall,2012.0,Casual,Lucera Women Silver Earrings
58030,Women,Accessories,Jewellery,Earrings,Gold,Fall,2012.0,Casual,Rreverie Golden & Black Earrings
31703,Women,Accessories,Jewellery,Earrings,Silver,Winter,2016.0,Ethnic,Fabindia Women Ananya Silver Earrings
48665,Women,Accessories,Jewellery,Earrings,Silver,Fall,2012.0,Casual,Lucera Women Silver Earrings
48606,Women,Accessories,Jewellery,Earrings,Silver,Fall,2012.0,Casual,Lucera Women Silver Earrings
31702,Women,Accessories,Jewellery,Earrings,Silver,Winter,2016.0,Ethnic,Fabindia Women Ananya Silver Earrings
44152,Men,Personal Care,Fragrance,Deodorant,Grey,Spring,2017.0,Casual,Nike Fragrances Men Up or Down Deo
44953,Men,Personal Care,Fragrance,Deodorant,Black,Spring,2017.0,Casual,Kama Sutra Men Spark Deo
28221,Men,Personal Care,Fragrance,Deodorant,Black,Spring,2017.0,Casual,YARDLEY Men Elegance Deo
21240,Men,Personal Care,Fragrance,Deodorant,Black,Spring,2017.0,Casual,Manchester United Men Black Deo
32528,Men,Personal Care,Fragrance,Deodorant,Silver,Spring,2017.0,Casual,Tonino Lamborghini Men Mitico Deo
46897,Men,Personal Care,Fragrance,Deodorant,Black,Spring,2017.0,Casual,F5 Men Pack of 3 Deos
55851,Women,Personal Care,Nails,Nail Polish,Blue,Spring,2017.0,Casual,Colorbar Pro Magnificent Sea Nail Lacquer 037
56494,Women,Personal Care,Nails,Nail Polish,Pink,Spring,2017.0,,Streetwear Quick Dry Violet Dreams Nail Polish 12
49072,Women,Personal Care,Nails,Nail Polish,Pink,Spring,2017.0,,Deborah 7 Days Long Nail Polish 836
55385,Women,Personal Care,Nails,Nail Polish,Red,Spring,2017.0,Casual,Revlon Tuscan Sun Nail Polish 314
55134,Women,Personal Care,Nails,Nail Polish,Green,Spring,2017.0,Casual,Lakme Truewear Color Crush 06 Nail Polish
55939,Women,Personal Care,Nails,Nail Polish,Brown,Spring,2017.0,Casual,Colorbar Mulberry Nail Lacquer 21
55209,Women,Personal Care,Lips,Lipstick,Red,Spring,2017.0,Casual,Lakme Lip Love Strawberries & Cream Lipstick B115B
56029,Women,Personal Care,Lips,Lipstick,Maroon,Spring,2017.0,Casual,Colorbar Soft Touch Coral Crush Lipstick 022
57594,Women,Personal Care,Lips,Lipstick,Pink,Spring,2017.0,Casual,Lotus Herbals Pink Mink Lipstick 143
57606,Women,Personal Care,Lips,Lipstick,Brown,Spring,2017.0,Casual,Lotus Herbals Grape Wine Lipstick 110
55962,Women,Personal Care,Lips,Lipstick,Brown,Spring,2017.0,Casual,Colorbar Take Me As I Am Bare Dare Brown Lipcolor With Sharpener 003
49118,Women,Personal Care,Lips,Lipstick,Pink,Spring,2017.0,Casual,Deborah Pink 24 Power 07 Lipstick
38575,Men,Apparel,Bottomwear,Track Pants,Black,Summer,2012.0,Sports,Nike Men Breakline Black Track Pants
18869,Women,Apparel,Bottomwear,Track Pants,Black,Fall,2011.0,Casual,Puma Women Black Core Track Pants
29020,Men,Apparel,Bottomwear,Track Pants,Grey,Summer,2013.0,Sports,ADIDAS Men Grey Track Pants
14392,Men,Apparel,Bottomwear,Track Pants,Black,Fall,2011.0,Casual,Puma Ess Sweat Pants Track Pant
7887,Men,Apparel,Bottomwear,Track Pants,Blue,Fall,2011.0,Casual,Proline Men Blue Track Pants
4774,Women,Apparel,Bottomwear,Track Pants,Pink,Summer,2011.0,Sports,ADIDAS Women 3S Pink Track Pants
18164,Women,Accessories,Bags,Clutches,Black,Winter,2015.0,Casual,Spice Art Women Zircons Black Clutch
16749,Women,Accessories,Bags,Clutches,Black,Winter,2015.0,Casual,Spice Art Women Glass Stylinc Multi Clutch
25120,Women,Accessories,Bags,Clutches,Black,Winter,2015.0,Casual,Lino Perros Women Beaded Black Clutch
31921,Women,Accessories,Bags,Clutches,Magenta,Summer,2012.0,Casual,Fabindia Women Casual Magenta Clutch
16755,Women,Accessories,Bags,Clutches,Maroon,Winter,2015.0,Casual,Spice Art Women Cherry Maroon Clutch
36989,Women,Accessories,Bags,Clutches,Maroon,Summer,2012.0,Casual,Lino Perros Women Maroon Clutch
15370,Women,Apparel,Topwear,Sweatshirts,Pink,Fall,2011.0,Casual,Urban Yoga Women Solid Pink Sweatshirts
23145,Women,Apparel,Topwear,Sweatshirts,Off White,Fall,2011.0,Casual,Quechua Women  Fleece Off-White Sweatshirt
19324,Men,Apparel,Topwear,Sweatshirts,Maroon,Fall,2011.0,Casual,Myntra Men Solid Maroon Sweatshirt
11402,Men,Apparel,Topwear,Sweatshirts,Black,Fall,2011.0,Casual,United Colors of Benetton Men Winter Black Sweatshirts
16442,Men,Apparel,Topwear,Sweatshirts,Black,Fall,2011.0,Casual,Levis Men Printed Black Sweatshirts
23119,Men,Apparel,Topwear,Sweatshirts,Grey,Fall,2011.0,Casual,Quechua Men Warm Fleece Grey Sweatshirt
49239,Men,Accessories,Headwear,Caps,White,Fall,2012.0,Casual,Arrow Men White Cap
34795,Men,Accessories,Headwear,Caps,Black,Summer,2012.0,Casual,Flying Machine Men Black Hat
19969,Men,Accessories,Headwear,Caps,Blue,Fall,2011.0,Casual,United Colors of Benetton Men Solid Blue Cap
1581,Unisex,Accessories,Headwear,Caps,Pink,Summer,2011.0,Sports,Nabaiji Unisex Silicone Swimming Cap
21438,Women,Accessories,Headwear,Caps,Blue,Winter,2012.0,Casual,Roxy Women Mellow Beanie Blue Cap
40766,Men,Accessories,Headwear,Caps,Navy Blue,Fall,2012.0,Casual,Quiksilver Men Navy Blue Flex Pintails Cap
9946,Men,Apparel,Topwear,Sweaters,Black,Fall,2011.0,Sports,ADIDAS Men Frnt Str Black Sweaters
20218,Men,Apparel,Topwear,Sweaters,Charcoal,Fall,2011.0,Casual,Wrangler Men Rib Charcoal Sweater
14993,Men,Apparel,Topwear,Sweaters,Grey,Fall,2011.0,Casual,ADIDAS Men Stripes Grey Sweaters
23068,Men,Apparel,Topwear,Sweaters,Blue,Fall,2011.0,Casual,Arrow Men Blue Check Sweater
18627,Men,Apparel,Topwear,Sweaters,Red,Fall,2011.0,Casual,Puma Men Striped Full Zip Red Sweaters
20303,Women,Apparel,Topwear,Sweaters,Purple,Fall,2011.0,Casual,Jealous 21 Women Solid Purple Sweater
11151,Men,Accessories,Ties,Ties,Grey,Fall,2011.0,Formal,Indigo Nation Men Check Grey Ties
58905,Men,Accessories,Ties,Ties,Maroon,Summer,2012.0,Casual,Hakashi Men Maroon Silk Tie
58906,Men,Accessories,Ties,Ties,Black,Summer,2012.0,Casual,Hakashi Men Black Silk Tie
49701,Men,Accessories,Ties,Ties,Red,Summer,2012.0,Casual,Park Avenue Men Red Tie
50281,Men,Accessories,Ties,Ties,Maroon,Summer,2012.0,Formal,Parx Men Maroon and Black Tie
15960,Men,Accessories,Ties,Ties,Navy Blue,Fall,2011.0,Formal,Turtle Men Solid Navy Blue Ties
59130,Men,Apparel,Topwear,Jackets,Black,Summer,2012.0,Casual,Just Natural Men Black Jacket
7686,Men,Apparel,Topwear,Jackets,Red,Fall,2011.0,Sports,Puma Men Alonso Track Red Ferrari Jacket
6478,Men,Apparel,Topwear,Jackets,Grey,Summer,2011.0,Casual,ADIDAS Men Top Grey Jacket
36208,Boys,Apparel,Topwear,Jackets,Black,Summer,2012.0,Casual,Gini Jony Boys Black Jacket
17629,Men,Apparel,Topwear,Jackets,Blue,Fall,2011.0,Casual,ADIDAS Men Solid Blue Jacket
8478,Women,Apparel,Topwear,Jackets,Blue,Fall,2011.0,Casual,Forever New Women Vintage Blue Jackets
50519,Men,Apparel,Innerwear,Innerwear Vests,Charcoal,Summer,2016.0,Casual,Chromozome Men Charcoal Melange Innerwear Vest
25371,Men,Apparel,Innerwear,Innerwear Vests,Maroon,Summer,2016.0,Casual,Levis Men Maroon Innerwear Vest
37533,Boys,Apparel,Innerwear,Innerwear Vests,Yellow,Summer,2012.0,Casual,Madagascar3 Boys Yellow Innerwear Vest
15825,Men,Apparel,Innerwear,Innerwear Vests,Red,Summer,2016.0,Casual,Facit Men Sportz Red Innerwear Vest
15750,Men,Apparel,Innerwear,Innerwear Vests,Navy Blue,Summer,2016.0,Casual,Facit Men Fitness Ves Navy Blue Innerwear Vests
37587,Girls,Apparel,Innerwear,Innerwear Vests,Green,Summer,2012.0,Casual,Madagascar3 Girls Green Innerwear Vest
24168,Women,Apparel,Topwear,Kurtis,Orange,Fall,2011.0,Ethnic,Aurelia Women Orange Striped Kurti
30961,Women,Apparel,Topwear,Kurtis,Black,Summer,2012.0,Ethnic,Fabindia Women Black Chanderi Tunic
53818,Women,Apparel,Topwear,Kurtis,Pink,Fall,2012.0,Ethnic,Ayaany Women Pink Kurti
12108,Women,Apparel,Topwear,Kurtis,Blue,Fall,2011.0,Ethnic,W Women Printed Pink Kurtis
56810,Women,Apparel,Topwear,Kurtis,Red,Summer,2012.0,Ethnic,Aneri Women Red Kurti
12788,Women,Apparel,Topwear,Kurtis,Pink,Fall,2011.0,Ethnic,Mother Earth Women Renu Pink Kurtis
33204,Women,Apparel,Topwear,Tunics,Grey,Summer,2012.0,Casual,Sepia Women Grey Tunic
43665,Women,Apparel,Topwear,Tunics,Purple,Summer,2012.0,Casual,ONLY Women Purple Tunic
9803,Women,Apparel,Topwear,Tunics,Navy Blue,Fall,2011.0,Casual,Scullers For Her Women Scullers Top Navy Blue Tops
21882,Women,Apparel,Topwear,Tunics,Blue,Fall,2011.0,Ethnic,BIBA OUTLET Women Printed Navy Blue Kaftan Top
23442,Women,Apparel,Topwear,Tunics,Orange,Fall,2011.0,Casual,Satya Paul Women Orange Printed Tunic
37940,Women,Apparel,Topwear,Tunics,Orange,Summer,2012.0,Casual,Mineral Women Orange Tunic
52438,Women,Apparel,Loungewear and Nightwear,Nightdress,Pink,Winter,2015.0,Casual,Red Rose Pink & White Nightdress
52371,Women,Apparel,Loungewear and Nightwear,Nightdress,Blue,Winter,2015.0,Casual,Red Rose Women Blue Nightdress
59716,Women,Apparel,Loungewear and Nightwear,Nightdress,Black,Summer,2012.0,Casual,Avirate Black Babydoll Nightdress
52429,Women,Apparel,Loungewear and Nightwear,Nightdress,White,Winter,2015.0,Casual,Red Rose Women White Nightdress
45082,Women,Apparel,Loungewear and Nightwear,Nightdress,Pink,Summer,2016.0,Casual,Bwitch Pink Nightdress
52424,Women,Apparel,Loungewear and Nightwear,Nightdress,Cream,Winter,2015.0,Casual,Red Rose Women Cream Nightdress
42350,Women,Apparel,Bottomwear,Leggings,Black,Summer,2012.0,Casual,Flying Machine Women Black Leggings
44686,Women,Apparel,Bottomwear,Leggings,Magenta,Summer,2012.0,Casual,Wills Lifestyle Women Magenta Leggings
50026,Women,Apparel,Bottomwear,Leggings,Maroon,Winter,2015.0,Casual,Hanes Women Maroon ComfortSoft Waistband Cotton Stretch Full Leggings
33959,Women,Apparel,Bottomwear,Leggings,Grey,Summer,2012.0,Casual,Femella Women Grey Leggings
25889,Women,Apparel,Bottomwear,Leggings,Cream,Summer,2012.0,Casual,Femella Women Cream Leggings
39124,Women,Apparel,Bottomwear,Leggings,Beige,Fall,2012.0,Casual,Aneri Women Beige Leggings
31723,Women,Accessories,Jewellery,Pendant,Gold,Winter,2016.0,Ethnic,Fabindia Women Ananya Gold Pendant
48855,Women,Accessories,Jewellery,Pendant,Silver,Summer,2012.0,Casual,Lucera Women Silver Pendant with Chain
48833,Women,Accessories,Jewellery,Pendant,Silver,Summer,2012.0,Casual,Lucera Women Silver Pendant
48853,Women,Accessories,Jewellery,Pendant,Silver,Summer,2012.0,Casual,Lucera Women Silver Pendant with Chain
59501,Women,Accessories,Jewellery,Pendant,Gold,Summer,2013.0,Casual,Lucera Gold Plated Pendant With Chain
48774,Women,Accessories,Jewellery,Pendant,Silver,Summer,2013.0,Casual,Lucera Women Silver Pendant
43589,Girls,Apparel,Bottomwear,Capris,Pink,Summer,2012.0,Casual,Gini and Jony Girls Fixed Weast Pink Capris
57099,Women,Apparel,Bottomwear,Capris,Purple,Summer,2012.0,Casual,Elle Women Purple Capris
27014,Women,Apparel,Bottomwear,Capris,Blue,Summer,2012.0,Casual,Jealous 21 Women Washed Blue Capris
43077,Women,Apparel,Bottomwear,Capris,Grey,Summer,2012.0,Sports,Nike Womens Grey Capris
57205,Women,Apparel,Bottomwear,Capris,White,Fall,2012.0,Casual,Kraus Jeans Women White Capris
57096,Women,Apparel,Bottomwear,Capris,Blue,Summer,2012.0,Casual,Elle Women Blue Chambray Capris
54865,Women,Accessories,Jewellery,Necklace and Chains,Red,Fall,2012.0,Casual,Ivory Tag  Red & Gold Toned Eye Catcher Necklace
52309,Women,Accessories,Jewellery,Necklace and Chains,Multi,Winter,2016.0,Casual,ToniQ Women Multi Coloured Necklace
46129,Women,Accessories,Jewellery,Necklace and Chains,Brown,Winter,2015.0,Casual,Adrika Women Brown Necklace
53092,Women,Accessories,Jewellery,Necklace and Chains,Rust,Winter,2016.0,Casual,Fabindia Orange Necklace
54171,Women,Accessories,Jewellery,Necklace and Chains,Yellow,Fall,2012.0,Casual,Femella Wooden Balls Necklace
46154,Women,Accessories,Jewellery,Necklace and Chains,Green,Winter,2015.0,Casual,Adrika Women Orange & Green Necklace
55489,Women,Personal Care,Lips,Lip Gloss,Copper,Spring,2017.0,Casual,Revlon ColorBurst Sienna Sparkle Lip Gloss 28
55295,Women,Personal Care,Lips,Lip Gloss,Pink,Spring,2017.0,Casual,Lakme Absolute Berryshine Plump & Shine Lip Gloss
55002,Women,Personal Care,Lips,Lip Gloss,Purple,Spring,2017.0,,Lakme Absolute Liplast Day Passion Lip Gloss
56105,Women,Personal Care,Lips,Lip Gloss,Pink,Spring,2017.0,Casual,Colorbar Star Metal Sedustress Lip Gloss 006
56094,Women,Personal Care,Lips,Lip Gloss,Purple,Spring,2017.0,Casual,Colorbar Star Wine Me Lip Gloss 013
55499,Women,Personal Care,Lips,Lip Gloss,Pink,Spring,2017.0,Casual,Revlon Pink Ice Glace Rose Colorburst Lip Gloss 004
56236,Men,Apparel,Loungewear and Nightwear,Night suits,Black,Summer,2016.0,Casual,SDL by Sweet Dreams Men Black Pyjama Set
43462,Women,Apparel,Loungewear and Nightwear,Night suits,White,Summer,2017.0,Casual,SDL by Sweet Dreams Women White Night suits
36255,Men,Apparel,Loungewear and Nightwear,Night suits,Grey,Summer,2016.0,Casual,SDL by Sweet Dreams Men Grey & Red Pyjama Set
56263,Men,Apparel,Loungewear and Nightwear,Night suits,Mustard,Summer,2016.0,Casual,SDL by Sweet Dreams Men Mustard Pyjama Set
36287,Women,Apparel,Loungewear and Nightwear,Night suits,Blue,Summer,2017.0,Casual,SDL by Sweet Dreams Women Blue Night suits
56261,Men,Apparel,Loungewear and Nightwear,Night suits,Navy Blue,Summer,2016.0,Casual,SDL by Sweet Dreams Men Navy Blue Pyjama Set
27948,Men,Apparel,Innerwear,Trunk,Charcoal,Summer,2016.0,Casual,Jockey CSM Men Comfort Stretch Charcoal Trunks CS04
25362,Men,Apparel,Innerwear,Trunk,Black,Summer,2016.0,Casual,Levis Men Black & Grey Trunks
27960,Men,Apparel,Innerwear,Trunk,Black,Summer,2018.0,Casual,Jockey SPORT PERFORMANCE Men Black Trunks SP08
50676,Men,Apparel,Innerwear,Trunk,Grey Melange,Summer,2016.0,Casual,Chromozome Men Grey Melange Trunks
50673,Men,Apparel,Innerwear,Trunk,Black,Summer,2016.0,Casual,Chromozome Men Black Trunks
32106,Men,Apparel,Innerwear,Trunk,Grey,Summer,2016.0,Casual,Playboy Men Crocker Grey Trunks
6860,Women,Apparel,Bottomwear,Skirts,Black,Summer,2011.0,Casual,Forever New Women's Short Black Skirt
12839,Women,Apparel,Bottomwear,Skirts,Black,Fall,2011.0,Casual,Ant Kids Pleated Black Skirts
30925,Women,Apparel,Bottomwear,Skirts,Black,Summer,2012.0,Ethnic,Fabindia Women Printed Black Ghera Skirt
27199,Women,Apparel,Bottomwear,Skirts,Grey,Summer,2012.0,Casual,Doodle Kids Girl Printed Grey Skirt
40433,Women,Apparel,Bottomwear,Skirts,Multi,Summer,2012.0,Casual,Tonga Women Multi Colored Skirt
41003,Girls,Apparel,Bottomwear,Skirts,Blue,Summer,2012.0,Casual,Gini and Jony Girls Woven Blue Skirt
23483,Men,Accessories,Scarves,Scarves,Blue,Summer,2012.0,Casual,Arrow Men Blue Check Scarf
47667,Women,Accessories,Scarves,Scarves,Green,Summer,2012.0,Casual,Femella Women Green & Red Printed Scarf
23487,Men,Accessories,Scarves,Scarves,Grey,Summer,2012.0,Casual,Arrow Men Grey Scarf
14629,Women,Accessories,Scarves,Scarves,Pink,Summer,2011.0,Casual,United Colors of Benetton Women Solid Pink Scarves
59905,Women,Accessories,Scarves,Scarves,Pink,Fall,2012.0,Casual,Femella Women Pink Printed Scarf
23464,Men,Accessories,Scarves,Scarves,Black,Winter,2015.0,Casual,Lino Perros Men Black Check Scarf
48934,Women,Accessories,Jewellery,Ring,Silver,Summer,2015.0,Casual,Lucera Women Silver Ring
59561,Men,Accessories,Jewellery,Ring,Steel,Summer,2013.0,Casual,Revv Men Steel Ring
49033,Women,Accessories,Jewellery,Ring,Silver,Summer,2012.0,Casual,Lucera Women Silver Ring
48935,Women,Accessories,Jewellery,Ring,Silver,Summer,2015.0,Casual,Lucera Women Silver Ring
48944,Men,Accessories,Jewellery,Ring,Steel,Summer,2013.0,Casual,Revv Men Steel Ring
48990,Women,Accessories,Jewellery,Ring,Silver,Summer,2012.0,Casual,Lucera Women Silver Ring
34916,Women,Apparel,Topwear,Dupatta,Black,Summer,2012.0,Ethnic,Fabindia Black Dupatta
34268,Women,Apparel,Topwear,Dupatta,Purple,Summer,2012.0,Ethnic,Fabindia Women Printed Purple Dupatta
50842,Women,Apparel,Topwear,Dupatta,Lavender,Summer,2012.0,Ethnic,Fabindia Women Lavender Dupatta
41330,Women,Apparel,Topwear,Dupatta,Magenta,Fall,2012.0,Ethnic,Aurelia Women Magenta Dupatta
34924,Women,Apparel,Topwear,Dupatta,Green,Summer,2012.0,Ethnic,Fabindia Green Dupatta
34937,Women,Apparel,Topwear,Dupatta,Yellow,Summer,2012.0,Ethnic,Fabindia Yellow Dupatta
59567,Men,Accessories,Cufflinks,Cufflinks,Steel,Summer,2012.0,Casual,Revv Men Black and Steel Cufflinks
39034,Men,Accessories,Cufflinks,Cufflinks,Blue,Summer,2012.0,Formal,Belmonte Men Blue Bright Assorted Cufflinks
58854,Men,Accessories,Cufflinks,Cufflinks,Steel,Summer,2012.0,Casual,Hakashi Men Steel Cufflinks
58858,Men,Accessories,Cufflinks,Cufflinks,Black,Summer,2017.0,Casual,Hakashi Men Black Cufflinks
14162,Men,Accessories,Cufflinks,Cufflinks,Steel,Fall,2011.0,Formal,Belmonte Men Bright Assorted Steel Cufflinks
14147,Men,Accessories,Cufflinks,Cufflinks,Steel,Fall,2011.0,Formal,Belmonte Men Bright Assorted Steel Cufflinks
55399,Women,Personal Care,Makeup,Kajal and Eyeliner,Green,Spring,2017.0,Casual,Revlon Grow Luscious Emerald Lash Liner
56160,Women,Personal Care,Makeup,Kajal and Eyeliner,Green,Spring,2017.0,Casual,Colorbar I-Glide Jaded Eye Pencil 03
55253,Women,Personal Care,Makeup,Kajal and Eyeliner,Blue,Spring,2017.0,Casual,Lakme Glide On Aqua Marine Eye Color
56600,Women,Personal Care,Makeup,Kajal and Eyeliner,Black,Spring,2017.0,Casual,Streetwear Stay On Liquid Eye Liner
55558,Women,Personal Care,Makeup,Kajal and Eyeliner,Bronze,Spring,2017.0,Casual,Revlon Baked Bronze Liquid Eye Liner 02
56170,Women,Personal Care,Makeup,Kajal and Eyeliner,Mauve,Spring,2017.0,Casual,Colorbar Color Intense Mauve Mermaid Liquid Eyeliner 009
25060,Men,Accessories,Accessories,Accessory Gift Set,Purple,Winter,2015.0,Formal,Lino Perros Men Formal Purple Accessory Gift Set
25048,Men,Accessories,Accessories,Accessory Gift Set,Purple,Winter,2015.0,Formal,Lino Perros Men Formal Purple Accessory Gift Set
31191,Men,Accessories,Accessories,Accessory Gift Set,Brown,Summer,2015.0,Casual,Cabarelli Men Accessory Gift Set
25065,Men,Accessories,Accessories,Accessory Gift Set,Brown,Winter,2015.0,Formal,Lino Perros Men Formal Brown Accessory Gift Set
17371,Men,Accessories,Accessories,Accessory Gift Set,Red,Fall,2011.0,Formal,Arrow Men Formal Red Tie+Cufflink+Pocket square - Combo Pack
25045,Men,Accessories,Accessories,Accessory Gift Set,Blue,Winter,2015.0,Formal,Lino Perros Men Formal Blue Red Accessory Gift Set
24796,Women,Apparel,Apparel Set,Kurta Sets,Red,Summer,2011.0,Ethnic,Vishudh Women Red & Yellow Churidar Kurta with Dupatta
28989,Women,Apparel,Apparel Set,Kurta Sets,Blue,Summer,2012.0,Ethnic,Biba Outlet Women Blue & Green Printed Churidar Kurta with Dupatta
21911,Women,Apparel,Apparel Set,Kurta Sets,Pink,Fall,2011.0,Ethnic,Biba Women Pink & Brown Printed Churidar Kurta with Dupatta
28985,Women,Apparel,Apparel Set,Kurta Sets,White,Summer,2012.0,Ethnic,Biba Outlet Women White & Green Printed Churidar Kurta with Dupatta
39140,Women,Apparel,Apparel Set,Kurta Sets,Black,Summer,2012.0,Ethnic,Aneri Women Black & Maroon Salwar Suit
28980,Women,Apparel,Apparel Set,Kurta Sets,Yellow,Summer,2012.0,Ethnic,Biba Women Yellow & Green Printed Churidar Kurta with Dupatta
29985,Women,Free Items,Free Gifts,Free Gifts,Black,Winter,2016.0,Casual,Aspen Women Black Dial Watch
10595,Women,Free Items,Free Gifts,Free Gifts,Grey,Winter,2016.0,Casual,Esprit Women Cascade Grey Dial Watch
45928,Men,Free Items,Free Gifts,Free Gifts,Black,Winter,2016.0,Casual,Maxima Men Black Dial Watch
36346,Men,Free Items,Free Gifts,Free Gifts,Maroon,Summer,2012.0,Casual,Reid & Taylor Men Maroon Checked Tie
53598,Men,Free Items,Free Gifts,Free Gifts,Black,Winter,2016.0,Sports,Q&Q Men Black Digital Watch
57457,Women,Free Items,Free Gifts,Free Gifts,Mustard,Summer,2015.0,Casual,Pitaraa Women Mustard Clutch
34308,Women,Accessories,Stoles,Stoles,Black,Summer,2012.0,Ethnic,Fabindia Women Black Silk & Wool Stole
31887,Women,Accessories,Stoles,Stoles,Blue,Summer,2012.0,Ethnic,Fabindia Women Chanderi Blue Stole
35003,Women,Accessories,Stoles,Stoles,Beige,Summer,2012.0,Ethnic,Fabindia Women Printed Beige & Rust Stole
31879,Women,Accessories,Stoles,Stoles,Grey,Summer,2012.0,Ethnic,Fabindia Women Grey Jacquard Silk Stole
35001,Women,Accessories,Stoles,Stoles,Beige,Summer,2012.0,Ethnic,Fabindia Women Printed Beige & Black Stole
34309,Women,Accessories,Stoles,Stoles,Pink,Summer,2012.0,Ethnic,Fabindia Women Pink Silk & Wool Stole
8248,Men,Accessories,Bags,Duffel Bag,Black,Fall,2011.0,Casual,Fastrack Men Black Gym Bag
5254,Unisex,Accessories,Bags,Duffel Bag,Red,Winter,2015.0,Casual,Wildcraft Unisex Red Duffle Bag
36042,Unisex,Accessories,Bags,Duffel Bag,Blue,Summer,2012.0,Casual,OTLS Unisex Blue Duffle Bag
36073,Unisex,Accessories,Bags,Duffel Bag,Khaki,Winter,2012.0,Casual,OTLS Unisex Khaki Gym Bag
21250,Unisex,Accessories,Bags,Duffel Bag,Navy Blue,Summer,2011.0,Casual,Skybags Unisex Navy Duffle Bag
36666,Unisex,Accessories,Bags,Duffel Bag,Brown,Summer,2012.0,Casual,Paridhan Unisex Brown Duffle Bag
48753,Women,Accessories,Jewellery,Bangle,Silver,Summer,2013.0,Casual,Lucera Women Silver Bangle
43735,Women,Accessories,Jewellery,Bangle,Gold,Summer,2012.0,Ethnic,Royal Diadem Set of 2 Golden Bangles
43724,Women,Accessories,Jewellery,Bangle,Gold,Summer,2012.0,Casual,Royal Diadem Set of 2 Golden Bangles
48734,Men,Accessories,Jewellery,Bangle,Steel,Summer,2012.0,Casual,Revv Men Steel Bangle
52316,Women,Accessories,Jewellery,Bangle,Purple,Winter,2016.0,Casual,ToniQ Women Set of 3 Bangles
46203,Women,Accessories,Jewellery,Bangle,Black,Winter,2015.0,Casual,Adrika Women Black Bangle
30187,Men,Accessories,Bags,Laptop Bag,Black,Summer,2012.0,Casual,Nike Men Black Arsenal Allegiance Laptop Bag
39524,Unisex,Accessories,Bags,Laptop Bag,Orange,Summer,2012.0,Casual,Peter England Unisex Orange Sleeve Bag
25861,Unisex,Accessories,Bags,Laptop Bag,Black,Winter,2015.0,Casual,American Tourister Unisex Black Laptop Bag
18342,Men,Accessories,Bags,Laptop Bag,Navy Blue,Fall,2011.0,Casual,Fila Mendos Mens Navy Blue Bag
16073,Unisex,Accessories,Bags,Laptop Bag,Black,Fall,2011.0,Casual,Belkin Unisex Move Toploader Black Laptop Bag
6535,Unisex,Accessories,Bags,Laptop Bag,Black,Summer,2011.0,Casual,Nike Unisex Allegian Black Laptop Bag
55232,Women,Personal Care,Makeup,Foundation and Primer,Skin,Spring,2017.0,Casual,Lakme Perfect Radiance Intense Whitening Beige Honey Foundation 05
49099,Women,Personal Care,Makeup,Foundation and Primer,Skin,Spring,2017.0,Casual,Deborah 24 Ore Perfect Foundation Apricot 4
49112,Women,Personal Care,Makeup,Foundation and Primer,Skin,Spring,2017.0,Casual,Deborah New Skin Compact Foundation 03
55233,Women,Personal Care,Makeup,Foundation and Primer,Skin,Summer,2019.0,Casual,Lakme Nine to Five Flawless Makeup Shell Foundation
55523,Women,Personal Care,Makeup,Foundation and Primer,Skin,Spring,2017.0,Casual,Revlon Photo Ready Makeup Shell 003
56568,Women,Personal Care,Makeup,Foundation and Primer,Skin,Spring,2017.0,Casual,Streetwear Shine Divine Whitening Liquid Fawn Foundation
33865,Men,Footwear,Sandal,Sports Sandals,Black,Winter,2012.0,Casual,Puma Men Black & Green Aripon Ind Sports Sandals
39898,Men,Footwear,Sandal,Sports Sandals,Black,Fall,2012.0,Casual,ADIDAS Men Black Sandals
6827,Women,Footwear,Sandal,Sports Sandals,Blue,Summer,2011.0,Casual,Timberland Women Belle Isld Boat Ball Black Floater
39899,Men,Footwear,Sandal,Sports Sandals,Brown,Summer,2012.0,Casual,ADIDAS Men Brown Sandals
4650,Women,Footwear,Sandal,Sports Sandals,Black,Summer,2011.0,Casual,ADIDAS Women Neo Chicane Black Blue Sandal
40310,Unisex,Footwear,Sandal,Sports Sandals,White,Winter,2013.0,Casual,Warner Bros Kids White & Green Sports Sandals
46055,Women,Accessories,Jewellery,Bracelet,Gold,Winter,2016.0,Casual,Estelle Women Gold Bracelet
48566,Women,Accessories,Jewellery,Bracelet,Silver,Summer,2012.0,Casual,Lucera Women Silver Bracelet
48311,Women,Accessories,Jewellery,Bracelet,Bronze,Winter,2012.0,Casual,Pitaraa Women Bronze Beaded Bracelet
48589,Women,Accessories,Jewellery,Bracelet,Silver,Summer,2013.0,Casual,Lucera Women Silver Bracelet
48576,Men,Accessories,Jewellery,Bracelet,Steel,Summer,2012.0,Casual,Revv Men Steel Bracelet
46054,Women,Accessories,Jewellery,Bracelet,Green,Winter,2015.0,Casual,Estelle Women Green Bracelet
27421,Women,Apparel,Loungewear and Nightwear,Lounge Pants,Blue,Winter,2015.0,Casual,Jockey Women Blue Lounge Pants
54977,Women,Apparel,Loungewear and Nightwear,Lounge Pants,Blue,Summer,2017.0,Casual,Femella Women Blue Lounge Pants
51988,Women,Apparel,Loungewear and Nightwear,Lounge Pants,Purple,Summer,2017.0,Casual,Inaya Women Purple Lounge Pants
30897,Women,Apparel,Loungewear and Nightwear,Lounge Pants,Mustard,Summer,2012.0,Ethnic,Fabindia Women Mustard Kalamkari Salwar
54978,Women,Apparel,Loungewear and Nightwear,Lounge Pants,Blue,Summer,2017.0,Casual,Femella Women Printed Blue Lounge Pants
32266,Men,Apparel,Loungewear and Nightwear,Lounge Pants,Navy Blue,Summer,2016.0,Casual,2go Active Gear USA Men Red Pele Track Pants
57767,Women,Personal Care,Skin,Face Moisturisers,White,Spring,2017.0,,Lotus Herbals Whiteglow Yogurt Skin Whitening & Brightening Face Masque 80 g
56624,Women,Personal Care,Skin,Face Moisturisers,Black,Spring,2017.0,Casual,Olay Women Age Protect Anti-Ageing UV Lotion
57674,Women,Personal Care,Skin,Face Moisturisers,White,Spring,2017.0,,Lotus Herbals Whiteglow Hand & Body Lotion
57701,Women,Personal Care,Skin,Face Moisturisers,Cream,Spring,2017.0,Casual,Lotus Herbals Papayablem Papaya-N-Saffron Anti-Blemish Creme
57678,Women,Personal Care,Skin,Face Moisturisers,White,Spring,2017.0,,Lotus Herbals Whiteglow Skin Micro-Emulsion
55107,Women,Personal Care,Skin,Face Moisturisers,Silver,Spring,2017.0,Casual,Pond's Age Miracle Deep Action Night Cream
42614,Women,Accessories,Jewellery,Jewellery Set,Gold,Winter,2016.0,Casual,Estelle Women Earrings & Pendant Set
46042,Women,Accessories,Jewellery,Jewellery Set,Gold,Winter,2016.0,Casual,Estelle Women Gold Jewellery Set
56217,Women,Accessories,Jewellery,Jewellery Set,Silver,Winter,2016.0,Casual,Estelle Women Silver Earring & Pendant Set
59772,Women,Accessories,Jewellery,Jewellery Set,Gold,Winter,2016.0,Casual,Estelle Women Gold Earring & Pendant Set
42611,Women,Accessories,Jewellery,Jewellery Set,Gold,Winter,2015.0,Casual,Estelle Women Gold Earrings & Pendant Set
48763,Women,Accessories,Jewellery,Jewellery Set,White,Summer,2012.0,Casual,Miki Pearl Women Ivory Jewellery Set
44174,Women,Personal Care,Fragrance,Fragrance Gift Set,White,Spring,2017.0,Casual,Nike Fragrances Women Sensual Touch Perfume and Deo Set
32536,Men,Personal Care,Fragrance,Fragrance Gift Set,Black,Spring,2017.0,Casual,Playboy Men Malibu Fragrance Gift Set
44156,Men,Personal Care,Fragrance,Fragrance Gift Set,Green,Spring,2017.0,Casual,Nike Fragrances Men Fragrance Gift Set
23541,Men,Personal Care,Fragrance,Fragrance Gift Set,Black,Spring,2017.0,Casual,Police Dark Men Fragrance Gift Set
32533,Men,Personal Care,Fragrance,Fragrance Gift Set,Black,Spring,2017.0,Casual,Playboy Men Hollywood Fragrance Gift Set
44155,Men,Personal Care,Fragrance,Fragrance Gift Set,Brown,Spring,2017.0,Casual,Nike Fragrances Men Urban Musk Fragrance Gift Set
56582,Women,Personal Care,Makeup,Highlighter and Blush,Bronze,Spring,2017.0,,Streetwear Crystal Shine Bronze Face Brightener Loose Powder
56126,Women,Personal Care,Makeup,Highlighter and Blush,Pink,Spring,2017.0,Casual,Colorbar Touch And Blushe Tint of Pink Blusher 001
55282,Women,Personal Care,Makeup,Highlighter and Blush,Brown,Spring,2017.0,Casual,Lakme Cheek Chromatic Night Sheen Blusher
55528,Women,Personal Care,Makeup,Highlighter and Blush,Skin,Spring,2017.0,Casual,Revlon Skinlights Face Peach Light Illuminator Lotion
49156,Women,Personal Care,Makeup,Highlighter and Blush,Peach,Spring,2017.0,,Deborah Peach HiTech Blusher # 59
55250,Women,Personal Care,Makeup,Highlighter and Blush,Bronze,Spring,2017.0,Casual,Lakme Absolute Sun-Kissed Bronzer
51390,Men,Apparel,Innerwear,Boxers,Navy Blue,Summer,2012.0,Casual,Myntra Navy Blue Printed Boxers
51388,Men,Apparel,Innerwear,Boxers,Grey,Summer,2012.0,Casual,Myntra Grey Printed Boxers
51392,Men,Apparel,Innerwear,Boxers,White,Summer,2012.0,Casual,Myntra White Printed Boxers
23350,Men,Apparel,Innerwear,Boxers,Multi,Summer,2016.0,Casual,Crusoe Men Elixir Boxer Assorted Short
32071,Men,Apparel,Innerwear,Boxers,Blue,Summer,2016.0,Casual,Playboy Men Blue Boxers
47270,Men,Apparel,Innerwear,Boxers,Blue,Summer,2016.0,Casual,FCUK Underwear Blue Printed Boxers
56183,Women,Personal Care,Makeup,Compact,Skin,Spring,2017.0,Casual,Colorbar Triple Act Sand Compact 002
56187,Women,Personal Care,Makeup,Compact,Skin,Spring,2017.0,Casual,Colorbar Radiant White UV Fairness Sandy Nude Compact 003
57784,Women,Personal Care,Makeup,Compact,Peach,Spring,2017.0,,Lotus Herbals Natural Blend Translucent Rouge Lustre Compact Powder 840
56189,Women,Personal Care,Makeup,Compact,Skin,Spring,2017.0,Casual,Colorbar Suede Bloom Compact 007
49086,Women,Personal Care,Makeup,Compact,Skin,Spring,2017.0,Casual,Deborah Ultrafine Compact Powder 01
56611,Women,Personal Care,Makeup,Compact,Skin,Spring,2017.0,,Streetwear Stay On Caramel Compact
57708,Women,Personal Care,Lips,Lip Liner,Red,Spring,2017.0,Casual,Lotus Herbals Seduction Red Fire Lip Contour Definer 52
55480,Women,Personal Care,Lips,Lip Liner,Brown,Spring,2017.0,Casual,Revlon Colorstay Chocolates Lip Liner
49090,Women,Personal Care,Lips,Lip Liner,Brown,Spring,2017.0,Casual,Deborah 24 Ore Lip Liner 203
55223,Women,Personal Care,Lips,Lip Liner,Maroon,Spring,2017.0,Casual,Lakme Perfect Definition Go Grape Lip Liner 23
55482,Women,Personal Care,Lips,Lip Liner,Brown,Spring,2017.0,Casual,Revlon Toffee Lip Liner 19
49151,Women,Personal Care,Lips,Lip Liner,Brown,Spring,2017.0,Casual,Deborah Extra Lip Liner 04
47388,Women,Accessories,Bags,Mobile Pouch,Silver,Fall,2012.0,Casual,Baggit Women Silver Micky Santa Mobile Pouch
47400,Women,Accessories,Bags,Mobile Pouch,Teal,Summer,2012.0,Casual,Baggit Women Teal Aandhi Anna Mobile Pouch
20617,Women,Accessories,Bags,Mobile Pouch,Brown,Winter,2015.0,Casual,Baggit Women Chika Hoor Brown Mobile Pouch
47385,Women,Accessories,Bags,Mobile Pouch,Brown,Fall,2012.0,Casual,Baggit Women Brown Micky Santa Mobile Pouch
47328,Women,Accessories,Bags,Mobile Pouch,Grey,Summer,2012.0,Casual,Baggit Women Grey Doodle Jhuti Mobile Pouch
20578,Women,Accessories,Bags,Mobile Pouch,Blue,Winter,2015.0,Casual,Baggit Women Panchnama Enzyme Blue Mobile Pouch
36055,Unisex,Accessories,Bags,Messenger Bag,Olive,Summer,2015.0,Casual,OTLS Unisex Olive Green Messenger Bag
39520,Unisex,Accessories,Bags,Messenger Bag,Black,Summer,2012.0,Casual,Peter England Unisex Black Messanger Bag
41854,Men,Accessories,Accessories,Messenger Bag,Navy Blue,Summer,2012.0,Casual,Probase Men Navy Blue Messenger Bag
50429,Unisex,Accessories,Accessories,Messenger Bag,Blue,Summer,2012.0,Casual,Lino Perros Unisex Blue Satchel
25427,Unisex,Accessories,Bags,Messenger Bag,Olive,Summer,2012.0,Casual,Lee Unisex Casual Olive Bag
8246,Unisex,Accessories,Bags,Messenger Bag,Blue,Fall,2011.0,Casual,Fastrack Unisex Blue Bag
56593,Women,Personal Care,Eyes,Eyeshadow,Green,Spring,2017.0,,Streetwear Green With Envy Eye Shadow
56141,Women,Personal Care,Makeup,Eyeshadow,Copper,Spring,2017.0,Casual,Colorbar Copper Crush Eye Shadow 002
56136,Women,Personal Care,Makeup,Eyeshadow,Blue,Spring,2017.0,Casual,Colorbar Aquamarine Eye Shadow 007
55540,Women,Personal Care,Makeup,Eyeshadow,Copper,Spring,2017.0,Casual,Revlon Illuminance Copper Coast Creme Shadow 01
56139,Women,Personal Care,Makeup,Eyeshadow,Pink,Spring,2017.0,Casual,Colorbar Really Rose Eye Shadow 004
57777,Women,Personal Care,Makeup,Eyeshadow,Brown,Spring,2017.0,,Lotus Herbals Maxlid Coco Fudge Eye Shadow
25787,Men,Apparel,Topwear,Suspenders,Red,Summer,2012.0,Formal,Arrow Men Red Suspenders
25763,Men,Apparel,Topwear,Suspenders,Black,Summer,2012.0,Formal,Lino Perros Men Black & Green Suspenders
25764,Men,Apparel,Topwear,Suspenders,Black,Summer,2012.0,Formal,Lino Perros Men Black Suspenders
25775,Men,Apparel,Topwear,Suspenders,Black,Summer,2012.0,Formal,Lino Perros Men Black Suspenders
25779,Men,Apparel,Topwear,Suspenders,Black,Summer,2012.0,Formal,Arrow Men Black Suspenders
25765,Men,Apparel,Topwear,Suspenders,Brown,Summer,2012.0,Formal,Lino Perros Men Light Brown Suspenders
50190,Women,Apparel,Innerwear,Camisoles,White,Winter,2015.0,Casual,Hanes Women White Camisole
27498,Women,Apparel,Innerwear,Camisoles,Pink,Winter,2015.0,Casual,Jockey Pink Camisole
52487,Women,Apparel,Innerwear,Camisoles,Pink,Winter,2015.0,Casual,Red Rose Pink Camisole
52515,Women,Apparel,Innerwear,Camisoles,Skin,Winter,2015.0,Casual,Red Rose Skin Cream Bra
52490,Women,Apparel,Innerwear,Camisoles,White,Winter,2015.0,Casual,Red Rose White Camisole
52470,Women,Apparel,Innerwear,Camisoles,White,Winter,2015.0,Casual,Red Rose White Camisole
58220,Women,Apparel,Bottomwear,Patiala,Multi,Summer,2012.0,Ethnic,Shree Women Multi Coloured Patiala
47063,Women,Apparel,Bottomwear,Patiala,Multi,Fall,2012.0,Ethnic,Shree Women Multi Colored Patiala
47080,Women,Apparel,Bottomwear,Patiala,Mustard,Fall,2012.0,Ethnic,Shree Women Mustard & Green Patiala
58212,Women,Apparel,Bottomwear,Patiala,White,Fall,2012.0,Ethnic,Shree Women White Printed Patiala
47065,Women,Apparel,Bottomwear,Patiala,Maroon,Fall,2012.0,Ethnic,Shree Women Maroon & Mustard Patiala
47076,Women,Apparel,Bottomwear,Patiala,Black,Fall,2012.0,Ethnic,Shree Women Black Printed Patiala
17385,Men,Accessories,Mufflers,Mufflers,Red,Fall,2011.0,Casual,Reid & Taylor Men Check Red Muffler
24870,Men,Accessories,Mufflers,Mufflers,Brown,Fall,2011.0,Casual,Reid & Taylor Men Brown Muffler
14635,Men,Accessories,Mufflers,Mufflers,Black,Summer,2011.0,Casual,United Colors of Benetton Men Solid Black Mufflers
25401,Men,Accessories,Mufflers,Mufflers,Red,Summer,2012.0,Casual,Nike Men Red & Blue FCB Muffler
20068,Men,Accessories,Mufflers,Mufflers,Green,Summer,2011.0,Casual,United Colors of Benetton Men Solid Green Muffler
13810,Men,Accessories,Mufflers,Mufflers,White,Summer,2016.0,Casual,Proline White Striped Muffler
13621,Men,Apparel,Loungewear and Nightwear,Lounge Shorts,Grey,Summer,2016.0,Casual,Hanes Men Knitted Grey Shorts
50654,Men,Apparel,Loungewear and Nightwear,Lounge Shorts,Black,Winter,2016.0,Sports,Chromozome Men Black Lounge Shorts
51995,Women,Apparel,Loungewear and Nightwear,Lounge Shorts,Brown,Summer,2017.0,Casual,Inaya Women Brown Lounge Shorts
50028,Women,Apparel,Loungewear and Nightwear,Lounge Shorts,Black,Winter,2015.0,Casual,Hanes Women Assorted Lounge Shorts
50651,Men,Apparel,Loungewear and Nightwear,Lounge Shorts,Black,Winter,2016.0,Casual,Chromozome Men Black Lounge Shorts
50652,Men,Apparel,Loungewear and Nightwear,Lounge Shorts,Grey Melange,Winter,2016.0,Casual,Chromozome Men Grey Lounge Shorts
26988,Women,Apparel,Bottomwear,Jeggings,Blue,Fall,2012.0,Casual,Jealous 21 Women Blue Jeggings
26989,Women,Apparel,Bottomwear,Jeggings,Black,Summer,2012.0,Casual,Jealous 21 Women Black Jeggings
51590,Women,Apparel,Bottomwear,Jeggings,Navy Blue,Summer,2012.0,Casual,Wrangler Women Navy Blue Jeggings
51597,Women,Apparel,Bottomwear,Jeggings,Blue,Summer,2012.0,Casual,Wrangler Women Blue Jeggings
54049,Women,Apparel,Bottomwear,Jeggings,Navy Blue,Summer,2012.0,Casual,Myntra Women Navy Blue Jeggings
57210,Women,Apparel,Bottomwear,Jeggings,Blue,Fall,2012.0,Casual,Kraus Jeans Women Blue Jeggings
30904,Women,Apparel,Bottomwear,Salwar,Mustard,Summer,2012.0,Ethnic,Fabindia Women Mustard Salwar
30898,Women,Apparel,Bottomwear,Salwar,Black,Summer,2012.0,Ethnic,Fabindia Women Black Salwar
47047,Women,Apparel,Bottomwear,Salwar,Purple,Summer,2012.0,Ethnic,Shree Women & Cream Jodhpuri Salwar
30727,Girls,Apparel,Bottomwear,Salwar,Green,Summer,2012.0,Ethnic,Fabindia Girls Green Mangalgiri Salwar
30901,Women,Apparel,Bottomwear,Salwar,Red,Summer,2012.0,Ethnic,Fabindia Women Red Mangalgiri Salwar
30730,Girls,Apparel,Bottomwear,Salwar,Purple,Summer,2012.0,Ethnic,Fabindia Girls Printed Purple Salwar
14876,Women,Apparel,Bottomwear,Stockings,Grey,Summer,2011.0,Casual,United Colors of Benetton Women Solid Grey Stockings
20058,Women,Apparel,Bottomwear,Stockings,Grey,Fall,2011.0,Casual,united Colors Of Benetton Women Grey Tight
33979,Women,Apparel,Bottomwear,Stockings,Black,Summer,2012.0,Casual,Femella Women Black Stockings
52134,Women,Apparel,Bottomwear,Stockings,Black,Fall,2012.0,Casual,Femella Women Black Stockings
20365,Women,Apparel,Bottomwear,Stockings,Brown,Fall,2011.0,Casual,United Colors of Benetton Women Solid Dark Brown Tights
16252,Women,Apparel,Bottomwear,Stockings,Brown,Fall,2011.0,Casual,United Colors of Benetton Women Solid Brown Stockings
30825,Women,Apparel,Bottomwear,Churidar,Magenta,Summer,2012.0,Ethnic,Fabindia Women Magenta Mangalgiri Churidar
30808,Women,Apparel,Bottomwear,Churidar,Red,Summer,2012.0,Ethnic,Fabindia Women Red Cambric Churidar
30732,Women,Apparel,Bottomwear,Churidar,Black,Summer,2012.0,Ethnic,Fabindia Women Black Churidar
30831,Women,Apparel,Bottomwear,Churidar,Yellow,Summer,2012.0,Ethnic,Fabindia Women Yellow Mangalgiri Churidar
30826,Women,Apparel,Bottomwear,Churidar,Navy Blue,Summer,2012.0,Ethnic,Fabindia Women Navy Blue Mangalgiri Churidar
30821,Women,Apparel,Bottomwear,Churidar,Beige,Summer,2012.0,Ethnic,Fabindia Women Beige Mangalgiri Churidar
26323,Men,Apparel,Bottomwear,Tracksuits,Navy Blue,Fall,2013.0,Sports,Proline Men Navy Tracksuit
15337,Men,Apparel,Bottomwear,Tracksuits,Olive,Fall,2011.0,Sports,Nike Men Solid Olive Tracksuits
38357,Men,Apparel,Bottomwear,Tracksuits,Red,Summer,2016.0,Casual,2go Active Gear USA Men Red Bjorn Track Pants
9769,Men,Apparel,Bottomwear,Tracksuits,Navy Blue,Fall,2011.0,Casual,ADIDAS Men Navy Blue Tracksuit
16224,Men,Apparel,Bottomwear,Tracksuits,Navy Blue,Fall,2011.0,Sports,Puma Men Poly Knitted Navy Blue Tracksuit
9770,Men,Apparel,Bottomwear,Tracksuits,Black,Fall,2011.0,Casual,ADIDAS Men Ess 3s Suit Black Tracksuits
57800,Women,Personal Care,Skin Care,Face Wash and Cleanser,White,Spring,2017.0,,Lotus Herbals Lemon Pure Cleansing Milk
55081,Women,Personal Care,Skin Care,Face Wash and Cleanser,Pink,Spring,2017.0,Casual,Ponds White Beauty Daily Spot-less Lightening Facial Foam
57876,Women,Personal Care,Skin Care,Face Wash and Cleanser,Green,Spring,2017.0,Casual,Biotique Women Bio Berberry Refreshing Cleansing Lotion
55583,Women,Personal Care,Skin Care,Face Wash and Cleanser,Gold,Spring,2017.0,,Revlon Age Defying Sculpt-Logic Gentle Cream Cleanser
57756,Women,Personal Care,Skin Care,Face Wash and Cleanser,Green,Spring,2017.0,Casual,Lotus Herbals Neem & Clove Purifying Face Wash
56631,Women,Personal Care,Skin Care,Face Wash and Cleanser,White,Spring,2017.0,Casual,Olay Regenerist Cream Cleanser
57865,Women,Personal Care,Skin Care,Sunscreen,Yellow,Spring,2017.0,Casual,Biotique Women Bio Carrot SPF 40 Sunscreen Lotion
57628,Women,Personal Care,Skin Care,Sunscreen,White,Spring,2017.0,,Lotus Herbals Safe Sun Sunscreen
57625,Unisex,Personal Care,Skin Care,Sunscreen,Orange,Spring,2017.0,Casual,Lotus Herbals Kids Sun Block Cream
57861,Women,Personal Care,Skin Care,Sunscreen,Green,Spring,2017.0,Casual,Biotique Women Bio Vera Ultra Soothing Body Lotion with SPF 75
57863,Women,Personal Care,Skin Care,Sunscreen,Green,Spring,2017.0,Casual,Biotique Bio Sandalwood Face & Body Sun Cream
57864,Women,Personal Care,Skin Care,Sunscreen,Peach,Spring,2017.0,Casual,Biotique Bio Sandalwood Face & Body Sunscreen Lotion
12449,Unisex,Accessories,Shoe Accessories,Shoe Accessories,Brown,Fall,2011.0,,Timberland Unisex Brown Shoe Accessories
6835,Unisex,Accessories,Shoe Accessories,Shoe Accessories,Black,Summer,2011.0,,Timberland Unisex Max 2 Shine Black Shoe Accessories
6842,Unisex,Accessories,Shoe Accessories,Shoe Accessories,Black,Summer,2011.0,Casual,Timberland Unisex Rubber Sole Brush Shoe Accessories
12451,Unisex,Accessories,Shoe Accessories,Shoe Accessories,White,Fall,2011.0,,Timberland Unisex White Shoe Accessories
12452,Unisex,Accessories,Shoe Accessories,Shoe Accessories,Orange,Fall,2011.0,,Timberland Unisex Orange Shoe Accessories
6840,Unisex,Accessories,Shoe Accessories,Shoe Accessories,Brown,Summer,2011.0,,Timberland Unisex Dry Cleaning Shoe Kit
19541,Men,Accessories,Gloves,Gloves,Black,Fall,2011.0,Casual,United Colors of Benetton Men Solid Black Gloves
19441,Men,Accessories,Gloves,Gloves,Black,Summer,2012.0,Casual,Quiksilver Men Casual Black Gloves
37519,Boys,Accessories,Gloves,Gloves,White,Summer,2012.0,Casual,Madagascar 3 Infant Boys White Mittens
37555,Girls,Accessories,Gloves,Gloves,Pink,Summer,2012.0,Casual,Madagascar 3 Infants Girl Pink Mittens
37579,Girls,Accessories,Gloves,Gloves,White,Summer,2012.0,Casual,Madagascar 3 Infant Girls White Mittens
19442,Men,Accessories,Gloves,Gloves,Black,Summer,2012.0,Casual,Quiksilver Men Black Octo Gloves
52472,Women,Apparel,Loungewear and Nightwear,Bath Robe,Pink,Winter,2015.0,Casual,Red Rose Women White & Pink Polka Dot Print Bath Robe
52497,Women,Apparel,Loungewear and Nightwear,Bath Robe,Red,Winter,2015.0,Casual,Red Rose Women Red Bathrobe
52510,Women,Apparel,Loungewear and Nightwear,Bath Robe,White,Winter,2015.0,Casual,Red Rose Women White & Pink Striped Bath Robes
52475,Women,Apparel,Loungewear and Nightwear,Bath Robe,White,Winter,2015.0,,Red Rose White & Red Dot Print Bath Robe
52494,Women,Apparel,Loungewear and Nightwear,Bath Robe,Pink,Winter,2015.0,Casual,Red Rose Women Pink Bath Robe
52509,Women,Apparel,Loungewear and Nightwear,Bath Robe,Pink,Winter,2015.0,,Red Rose Pink Striped Bath Robe
55325,Women,Personal Care,Hair,Hair Colour,Brown,Spring,2017.0,Casual,Revlon Colorsilk Luminista Golden Brown Hair Colour 120
55519,Unisex,Personal Care,Hair,Hair Colour,Black,Spring,2017.0,Casual,Revlon Unisex Top Speed Brownish Black Hair Colour 68
55328,Women,Personal Care,Hair,Hair Colour,Brown,Spring,2017.0,Casual,Revlon Color 'N Care 2N Brown Black Hair Colour
55516,Women,Personal Care,Hair,Hair Colour,Brown,Spring,2017.0,Casual,Revlon Top Speed 60 Natural Brown Ammonia-Free Hair Colour
55336,Women,Personal Care,Hair,Hair Colour,Black,Spring,2017.0,Casual,Revlon Colorsilk 1N Black Hair Colour
55333,Women,Personal Care,Hair,Hair Colour,Burgundy,Spring,2017.0,Casual,Revlon Colorsilk 3DB Deep Burgundy Hair Colour
52029,Unisex,Apparel,Topwear,Rain Jacket,Coffee Brown,Summer,2012.0,,Just Natural Unisex Charcoal Rain Jacket
52027,Unisex,Apparel,Topwear,Rain Jacket,Navy Blue,Summer,2012.0,,Just Natural Unisex Navy Blue Rain Jacket
51331,Men,Apparel,Topwear,Rain Jacket,Black,Summer,2015.0,Casual,Wildcraft Men Black Rain Cheater'13
52028,Unisex,Apparel,Topwear,Rain Jacket,Brown,Summer,2012.0,,Just Natural Unisex Brown Rain Jacket
52042,Unisex,Apparel,Topwear,Rain Jacket,Black,Summer,2012.0,,Just Natural Unisex Black Rain Jacket
59102,Men,Apparel,Topwear,Rain Jacket,Black,Fall,2012.0,Casual,Just Natural Men Black Rain Jacket
22685,Unisex,Accessories,Bags,Waist Pouch,Black,Winter,2015.0,Casual,Wildcraft Unisex Gear for Life Black Waist Pouch
22670,Unisex,Accessories,Bags,Waist Pouch,Grey,Winter,2015.0,Casual,Wildcraft Unisex Grey & Yellow Waist Pouch
38757,Men,Accessories,Bags,Waist Pouch,Black,Summer,2012.0,Casual,Nike Men Black Training Waist Pouch
5226,Unisex,Accessories,Bags,Waist Pouch,Blue,Winter,2015.0,Casual,Wildcraft Unisex Blue Waist pouch
19914,Unisex,Accessories,Bags,Waist Pouch,Grey,Winter,2015.0,Casual,Wildcraft Unisex Blue & Grey Waist Pouch
37261,Unisex,Accessories,Bags,Waist Pouch,Olive,Summer,2012.0,Casual,Vital Gear Unisex Olive Waist Pouch
1638,Unisex,Apparel,Bottomwear,Swimwear,Blue,Fall,2010.0,Sports,Nabaiji Swimming Goggles Blue Black
21589,Women,Apparel,Bottomwear,Swimwear,Black,Summer,2011.0,Sports,Nabaiji Women Solid Black Swimsuit
3464,Unisex,Apparel,Apparel Set,Swimwear,Blue,Winter,2010.0,Sports,ADIDAS Kid's Light Aqua Swimming Cap
42970,Women,Apparel,Bottomwear,Swimwear,Black,Summer,2017.0,Casual,Amante Black Swimsuit WCSD04
24809,Unisex,Apparel,Bottomwear,Swimwear,Pink,Fall,2011.0,Sports,Nabaiji Unisex Pink Swimming Cap
1580,Women,Apparel,Bottomwear,Swimwear,Black,Fall,2010.0,Sports,Nabaiji Women Cross-back Swimsuit
39720,Women,Apparel,Dress,Jumpsuit,Olive,Summer,2012.0,Casual,Arrow Woman Olive Jumpsuit
48522,Women,Apparel,Dress,Jumpsuit,Blue,Winter,2011.0,Casual,French Connection Women Blue Jumpsuit
43655,Women,Apparel,Dress,Jumpsuit,Multi,Summer,2012.0,Casual,ONLY Women Multi Coloured Short Jumpsuit
43666,Women,Apparel,Dress,Jumpsuit,Peach,Summer,2012.0,Casual,ONLY Women Peach Short Jumpsuit
40427,Women,Apparel,Dress,Jumpsuit,Olive,Summer,2012.0,Casual,Tonga Women Beige Jumpsuit
43675,Women,Apparel,Dress,Jumpsuit,Pink,Summer,2012.0,Casual,French Connection Women Multi Coloured Playsuit
52481,Women,Apparel,Loungewear and Nightwear,Baby Dolls,Pink,Winter,2015.0,Casual,Red Rose Pink & Black Nightdress
52480,Women,Apparel,Loungewear and Nightwear,Baby Dolls,Blue,Winter,2015.0,Casual,Red Rose Blue & Black Nightdress
52500,Women,Apparel,Loungewear and Nightwear,Baby Dolls,Purple,Winter,2015.0,Casual,Red Rose Purple Nightdress
51045,Women,Apparel,Loungewear and Nightwear,Baby Dolls,Cream,Summer,2017.0,,Enamor Women Cream and Pink Baby Doll Nightdress
52499,Women,Apparel,Loungewear and Nightwear,Baby Dolls,Black,Summer,2017.0,Casual,Red Rose Women Black Nightdress
52517,Women,Apparel,Loungewear and Nightwear,Baby Dolls,Black,Winter,2015.0,Casual,Red Rose Black Nightdress
55202,Women,Personal Care,Lips,Lip Care,Pink,Spring,2017.0,Casual,Lakme Lip Love Hottie Lip Conditioner
57734,Women,Personal Care,Lips,Lip Care,Maroon,Spring,2017.0,,Lotus Herbals Fruity Fusion Lip Balm
57735,Women,Personal Care,Lips,Lip Care,Red,Spring,2017.0,,Lotus Herbals Raspberry Lip Balm
55200,Women,Personal Care,Lips,Lip Care,Pink,Spring,2017.0,Casual,Lakme Lip Love Charmer Lip Conditioner
57731,Women,Personal Care,Lips,Lip Care,Rose,Spring,2017.0,,Lotus Herbals Velvety Rose Lip Balm
55201,Women,Personal Care,Lips,Lip Care,Pink,Spring,2017.0,Casual,Lakme Lip Love Siren Lip Conditioner
58522,Unisex,Accessories,Accessories,Travel Accessory,Rust,Summer,2015.0,Casual,Wildcraft Unisex Rust Orange Travel Pouch
14893,Women,Accessories,Accessories,Travel Accessory,Blue,Summer,2011.0,Casual,United Colors of Benetton Women Solid Blue Bags
58523,Unisex,Accessories,Accessories,Travel Accessory,Yellow,Summer,2015.0,Casual,Wildcraft Unisex Yellow Travel Pouch
51320,Unisex,Accessories,Accessories,Travel Accessory,Black,Summer,2010.0,Casual,Wildcraft Unisex Black Travel Pouch
51329,Unisex,Accessories,Accessories,Travel Accessory,Blue,Summer,2012.0,Casual,Wildcraft Unisex Blue & Black Pouch
14890,Women,Accessories,Accessories,Travel Accessory,Purple,Summer,2011.0,Casual,United Colors of Benetton Women Solid Purple Bags
8583,Men,Apparel,Topwear,Waistcoat,Grey,Fall,2011.0,Casual,Scullers Men Dark Grey Waistcoat
8582,Men,Apparel,Topwear,Waistcoat,Grey,Fall,2011.0,Casual,Scullers Men Grey Waistcoat
8580,Men,Apparel,Topwear,Waistcoat,Grey,Fall,2011.0,Casual,Scullers Men  Grey Waistcoat
37167,Boys,Apparel,Topwear,Waistcoat,Grey,Summer,2012.0,Casual,United Colors of Benetton Boys Check Grey Waistcoat
42582,Boys,Apparel,Topwear,Waistcoat,White,Summer,2012.0,Casual,United Colors of Benetton Boys White Waistcoat
26862,Women,Apparel,Topwear,Waistcoat,Blue,Summer,2012.0,Casual,Jealous 21 Women Washed Blue Waistcoat
55072,Women,Personal Care,Eyes,Mascara,Black,Spring,2017.0,Casual,Lakme Lash Artist Mascara
56544,Women,Personal Care,Eyes,Mascara,Black,Spring,2017.0,Casual,Streetwear Black Mascara 01
55397,Women,Personal Care,Eyes,Mascara,Black,Spring,2017.0,Casual,Revlon Water Tight Black Mascara
56543,Women,Personal Care,Eyes,Mascara,White,Spring,2017.0,Casual,Streetwear Sheer Mascara
56545,Women,Personal Care,Eyes,Mascara,Blue,Spring,2017.0,Casual,Streetwear Blue Mascara 02
55396,Women,Personal Care,Eyes,Mascara,Black,Spring,2017.0,Casual,Revlon Grow Luscious Blackest Black Mascara & Lash Enhancer 5354-01
4012,Unisex,Sporting Goods,Sports Equipment,Basketballs,Black,Summer,2011.0,Sports,Spalding 508z Black Basketball
4013,Unisex,Sporting Goods,Sports Equipment,Basketballs,Brown,Summer,2011.0,Casual,Spalding  177z NBA School Brown Basketball
2354,Unisex,Sporting Goods,Sports Equipment,Basketballs,Black,Winter,2010.0,Sports,ADIDAS Black Bounce Unisex Basketball
8427,Unisex,Sporting Goods,Sports Equipment,Basketballs,Blue,Fall,2011.0,Sports,Spalding Unisex Blue Basketball
2356,Unisex,Sporting Goods,Sports Equipment,Basketballs,Black,Winter,2010.0,Sports,ADIDAS Black & White Unisex Basketball
8422,Unisex,Sporting Goods,Sports Equipment,Basketballs,Red,Fall,2011.0,Sports,Spalding Unisex NBA Highlight Red Basketballs
57771,Women,Personal Care,Skin,Mask and Peel,White,Spring,2017.0,Casual,Lotus Herbals Claywhite Face Pack
57886,Women,Personal Care,Skin,Mask and Peel,Green,Spring,2017.0,Casual,Biotique Bio Milk Protein Whitening & Rejuvenating Face Pack
57768,Women,Personal Care,Skin,Mask and Peel,White,Spring,2017.0,,Lotus Herbals Tea Tree Clarifying Face Pack
57888,Women,Personal Care,Skin,Mask and Peel,Lavender,Spring,2017.0,Casual,Biotique Women Bio Clove Anti Blemish Face Pack
57773,Women,Personal Care,Skin,Mask and Peel,Lime Green,Spring,2017.0,,Lotus Herbals Frujuvenate Skin Perfecting & Rejuvenating Fruit Pack 350 g
57878,Women,Personal Care,Skin Care,Mask and Peel,Beige,Spring,2017.0,Casual,Biotique Bio Peach Clarifying & Refining Peel-Off Mask
37574,Girls,Apparel,Socks,Booties,Pink,Summer,2012.0,Casual,Madagascar 3 Infants Girls Pink Booties
37575,Girls,Apparel,Socks,Booties,Green,Summer,2012.0,Casual,Madagascar 3 Infant Girls Light Green Booties
37539,Boys,Apparel,Socks,Booties,White,Summer,2012.0,Casual,Madagascar 3 Infants Boys White Booties
37550,Girls,Apparel,Socks,Booties,Green,Summer,2012.0,Casual,Madagascar 3 Infant Girls Light Green Booties
37549,Girls,Apparel,Socks,Booties,Pink,Summer,2012.0,Casual,Madagascar 3 Infants Girls Pink Booties
37538,Boys,Apparel,Socks,Booties,Blue,Summer,2012.0,Casual,Madagascar 3 Infant Boys Blue Booties
37528,Boys,Apparel,Topwear,Rompers,White,Summer,2012.0,Casual,Madagascar3 Infant Boys White Snapsuit Romper
37526,Boys,Apparel,Topwear,Rompers,Yellow,Summer,2012.0,Casual,Madagascar3 Infant Girls Lemon Yellow Snapsuit Romper
37563,Girls,Apparel,Topwear,Rompers,White,Summer,2012.0,Casual,Madagascar3 Infant Boys White Snapsuit Romper
37561,Girls,Apparel,Topwear,Rompers,Pink,Summer,2012.0,Casual,Madagascar3 Infant Girls Pink Snapsuit Romper
37524,Boys,Apparel,Topwear,Rompers,Blue,Summer,2012.0,Casual,Madagascar3 Infant Boys Light Blue Snapsuit Romper
37525,Boys,Apparel,Topwear,Rompers,White,Summer,2012.0,Casual,Madagascar3 Infant Boys White Snapsuit Romper
55273,Women,Personal Care,Makeup,Concealer,Skin,Spring,2017.0,Casual,Lakme Absolute White Intense Medium to Dark Concealer
55573,Women,Personal Care,Makeup,Concealer,Skin,Spring,2017.0,Casual,Revlon Photo Ready Light Medium Concealer 003
56180,Women,Personal Care,Makeup,Concealer,Skin,Spring,2017.0,Casual,Colorbar Soft Ivory Concealer 001
55276,Women,Personal Care,Makeup,Concealer,Skin,Spring,2017.0,Casual,Lakme Rose Powder With Sunscreen
56178,Women,Personal Care,Makeup,Concealer,Beige,Spring,2017.0,Casual,Colorbar Sand Beige Concealer 003
55572,Women,Personal Care,Makeup,Concealer,Skin,Spring,2017.0,Casual,Revlon Photo Ready Medium Deep Concealer 005
3472,Men,Accessories,Accessories,Water Bottle,Black,Fall,2010.0,Casual,ADIDAS Phantom Black Sipper
1808,Unisex,Accessories,Water Bottle,Water Bottle,Purple,Fall,2010.0,Sports,Quechua Aluminium Print Water Bottle
1558,Unisex,Accessories,Water Bottle,Water Bottle,Blue,Fall,2010.0,Sports,Quechua Easy-to-Carry Blue Water Bottle
8958,Unisex,Accessories,Water Bottle,Water Bottle,Red,Summer,2012.0,Casual,Puma Unisex fundamentals Red Water Bottle
1554,Unisex,Accessories,Water Bottle,Water Bottle,Blue,Fall,2010.0,Casual,Quechua  Blue Sipper
1596,Men,Accessories,Water Bottle,Water Bottle,Pink,Fall,2010.0,Sports,Quechua Easy-to-Carry Pink Sipper
38962,Unisex,Accessories,Bags,Rucksacks,Grey,Winter,2018.0,Travel,Wildcraft Unisex Grey & Green Rucksack
4601,Unisex,Accessories,Bags,Rucksacks,Blue,Winter,2015.0,Travel,Wildcraft Unisex Blue & Grey Rucksack
7113,Unisex,Accessories,Bags,Rucksacks,Green,Winter,2015.0,Travel,Wildcraft Unisex Green & Grey Rucksack
4594,Unisex,Accessories,Bags,Rucksacks,Red,Winter,2015.0,Casual,Wildcraft Unisex Red & Grey Rucksack
13493,Unisex,Accessories,Bags,Rucksacks,Red,Winter,2015.0,Travel,Wildcraft Unisex Gangotri Black & Red Rucksack
38968,Unisex,Accessories,Bags,Rucksacks,Yellow,Summer,2015.0,Casual,Wildcraft Unisex Yellow & Grey Rucksack
59731,Women,Apparel,Innerwear,Shapewear,Black,Summer,2014.0,Casual,Avirate Black & Purple Wired Corset Shapewear
45102,Women,Apparel,Innerwear,Shapewear,Black,Winter,2015.0,Casual,Bwitch Women Black Xtra Slim Shapewear
59702,Women,Apparel,Innerwear,Shapewear,Black,Summer,2014.0,Casual,Avirate Black Wired Corset Shapewear
59729,Women,Apparel,Innerwear,Shapewear,Skin,Summer,2014.0,Casual,Avirate Beige Wired Corset Shapewear
59730,Women,Apparel,Innerwear,Shapewear,White,Summer,2014.0,Casual,Avirate White Wired Corset Shapewear
59732,Women,Apparel,Innerwear,Shapewear,Black,Summer,2012.0,Casual,Avirate Black Wired Corset Shapewear
37894,Women,Apparel,Bottomwear,Tights,Black,Summer,2012.0,Casual,Happy Socks Women Black & Grey Tights
40071,Women,Apparel,Bottomwear,Tights,Purple,Summer,2012.0,Casual,ADIDAS Women Purple Tights
37892,Women,Apparel,Bottomwear,Tights,Black,Summer,2012.0,Casual,Happy Socks Women Black Tights
20039,Women,Apparel,Bottomwear,Tights,Olive,Fall,2011.0,Casual,United Colors of Benetton Women Olive Floral Design Tights
37893,Women,Apparel,Bottomwear,Tights,Multi,Summer,2012.0,Casual,Happy Socks Women Striped Tights
17931,Men,Apparel,Bottomwear,Tights,Black,Summer,2012.0,Sports,Nike Men Training Black Tights
2355,Unisex,Sporting Goods,Sports Equipment,Footballs,White,Fall,2010.0,Sports,ADIDAS Red Bull Trophy Soccer Unisex Football
1551,Unisex,Sporting Goods,Sports Equipment,Footballs,Orange,Fall,2010.0,Sports,Puma Power Cat Trainer-OB Football
13670,Unisex,Sporting Goods,Sports Equipment,Footballs,Gold,Fall,2011.0,Casual,Puma Unisex Liga XL Football
1626,Unisex,Sporting Goods,Sports Equipment,Footballs,Blue,Summer,2011.0,Sports,Kipsta F300 Football Size 5 Football
1553,Unisex,Sporting Goods,Sports Equipment,Footballs,White,Fall,2010.0,Sports,Puma Power Cat Hard Ground Football
1550,Unisex,Sporting Goods,Sports Equipment,Footballs,White,Fall,2010.0,Sports,Puma Cat Trainer-WBL Football
31161,Boys,Apparel,Topwear,Blazers,Navy Blue,Summer,2012.0,Casual,Gini and Jony Boys Printed Navy Blue Blazer
31742,Men,Apparel,Topwear,Blazers,Black,Summer,2012.0,Formal,Reid & Taylor Men Semi Formal Black Blazer
27846,Women,Apparel,Topwear,Blazers,Charcoal,Summer,2012.0,Formal,Scullers For Her Charcoal Blazer
31732,Men,Apparel,Topwear,Blazers,Brown,Summer,2012.0,Formal,Reid & Taylor Men Brown Blazer
27845,Women,Apparel,Topwear,Blazers,Black,Summer,2012.0,Formal,Scullers For Her Black Blazer
31729,Men,Apparel,Topwear,Blazers,Blue,Summer,2012.0,Formal,Reid & Taylor Men Blue Blazer
35888,Boys,Apparel,Apparel Set,Clothing Set,Red,Summer,2012.0,Casual,Jungle Book Boys Baby Red Clothing Set
36746,Boys,Apparel,Apparel Set,Clothing Set,White,Summer,2012.0,Casual,Mr.Men Boys Weeee!! White Clothing Set
35895,Boys,Apparel,Apparel Set,Clothing Set,Blue,Summer,2012.0,Casual,Jungle Book Boys Baby Blue Clothing Set
36747,Boys,Apparel,Apparel Set,Clothing Set,White,Summer,2012.0,Casual,Mr.Men Boys I Am Sleeping White Clothing Set
36745,Girls,Apparel,Apparel Set,Clothing Set,Red,Summer,2012.0,Casual,Little Miss Girls Sunshine Red Clothing Set
36752,Girls,Apparel,Apparel Set,Clothing Set,Yellow,Summer,2012.0,Casual,Little Miss Girls Blazing Yellow Clothing Set
53357,Unisex,Accessories,Sports Accessories,Wristbands,Red,Fall,2013.0,Sports,Puma Unisex Pack of 2 Red Wristband
9965,Unisex,Accessories,Sports Accessories,Wristbands,Black,Fall,2011.0,Sports,ADIDAS Unisex Nba Black Wristbands
8934,Unisex,Sporting Goods,Wristbands,Wristbands,Black,Fall,2011.0,Casual,Puma Unisex Fundamentals Black Wristbands
42830,Unisex,Sporting Goods,Wristbands,Wristbands,Black,Summer,2012.0,Sports,Nike Unisex Swoosh Black Wristbands
42828,Unisex,Sporting Goods,Wristbands,Wristbands,Red,Summer,2012.0,Sports,Nike Unisex Swoosh Red Wristbands
42829,Unisex,Sporting Goods,Wristbands,Wristbands,White,Summer,2012.0,Sports,Nike Unisex Swoosh White Wristbands
50378,Women,Apparel,Bottomwear,Salwar and Dupatta,White,Summer,2012.0,Ethnic,Vishudh Women Red & White Salwar and Dupatta
50382,Women,Apparel,Bottomwear,Salwar and Dupatta,Cream,Summer,2012.0,Ethnic,Vishudh Women Printed Cream Salwar and Dupatta
50379,Women,Apparel,Bottomwear,Salwar and Dupatta,White,Summer,2012.0,Ethnic,Vishudh Women Black & White Salwar and Dupatta
50385,Women,Apparel,Bottomwear,Salwar and Dupatta,Pink,Fall,2012.0,Ethnic,Vishudh Women Pink Salwar and Dupatta
50383,Women,Apparel,Bottomwear,Salwar and Dupatta,Red,Summer,2012.0,Ethnic,Vishudh Women Printed Red Salwar and Dupatta
50384,Women,Apparel,Bottomwear,Salwar and Dupatta,Black,Summer,2012.0,Ethnic,Vishudh Women Black Salwar and Dupatta
17641,Unisex,Accessories,Headwear,Headband,White,Fall,2013.0,Sports,Puma Unisex Cat White Headband
17640,Unisex,Accessories,Headwear,Headband,Black,Fall,2013.0,Sports,Puma Unisex Cat Black Headband
44662,Unisex,Accessories,Headwear,Headband,White,Summer,2012.0,Casual,Nike Unisex White Swoosh Headband
42831,Unisex,Accessories,Headwear,Headband,Black,Summer,2012.0,Sports,Nike Unisex Black Headband
40122,Unisex,Accessories,Headwear,Headband,Black,Summer,2012.0,Casual,ADIDAS Unisex Black Clima Chill Headband
17642,Unisex,Accessories,Headwear,Headband,Red,Fall,2013.0,Sports,Puma Unisex Cat Red Headband
57685,Women,Personal Care,Bath and Body,Body Lotion,Yellow,Spring,2017.0,,Lotus Herbals Almond Nourish Body Lotion with SPF 20
57683,Women,Personal Care,Bath and Body,Body Lotion,Yellow,Spring,2017.0,Casual,Lotus Herbals Aloe Soft Body Lotion
57687,Women,Personal Care,Bath and Body,Body Lotion,White,Spring,2017.0,,Lotus Herbals Vanilla Velvet Body Lotion
57679,Women,Personal Care,Skin,Body Lotion,Yellow,Spring,2017.0,Casual,Lotus Herbals Cocoa Caress SPF 20 Hand & Body Lotion 250 ml
57681,Women,Personal Care,Bath and Body,Body Lotion,Cream,Spring,2017.0,,Lotus Herbals Cherry Bliss Body Lotion
57874,Women,Personal Care,Bath and Body,Body Lotion,Green,Spring,2017.0,Casual,Biotique Bio Coco Butter Tissue Firming Body Balm
14875,Women,Accessories,Umbrellas,Umbrellas,Purple,Summer,2011.0,Casual,United Colors of Benetton Women Printed Purple Umbrellas
14872,Women,Accessories,Umbrellas,Umbrellas,Blue,Summer,2011.0,Casual,United Colors of Benetton Women Printed Blue Umbrellas
19739,Women,Accessories,Umbrellas,Umbrellas,Blue,Summer,2011.0,Casual,United Colors of Benetton Women Stripes Blue Black Umbrella
14873,Women,Accessories,Umbrellas,Umbrellas,Purple,Summer,2011.0,Casual,United Colors of Benetton Women Printed Purple Umbrellas
19740,Women,Accessories,Umbrellas,Umbrellas,Green,Summer,2012.0,Casual,United Colors of Benetton Green Graphic Design Umbrella
14874,Women,Accessories,Umbrellas,Umbrellas,Purple,Summer,2011.0,Casual,United Colors of Benetton Women Stripes Purple Umbrellas
55835,Women,Personal Care,Bath and Body,Nail Essentials,White,Summer,2019.0,Casual,Colorbar Acetone Free Nail Enamel Remover
55352,Women,Personal Care,Bath and Body,Nail Essentials,White,Spring,2017.0,Casual,Revlon Extra Fast Nail Polish Remover
55351,Women,Personal Care,Bath and Body,Nail Essentials,Purple,Spring,2017.0,Casual,Revlon Extra Gentle Nail Polish Remover
56432,Women,Personal Care,Bath and Body,Nail Essentials,Pink,Spring,2017.0,Casual,Streetwear Nail Color Remover
55197,Women,Personal Care,Bath and Body,Nail Essentials,Purple,Spring,2017.0,Casual,Lakme Nail Colour Remover
55836,Women,Personal Care,Bath and Body,Nail Essentials,Blue,Spring,2017.0,Casual,Colorbar Nail Polish Remover
51455,Women,Apparel,Topwear,Shrug,Pink,Summer,2012.0,Casual,Tonga Women Pink Printed Shrug
58507,Women,Apparel,Topwear,Shrug,White,Summer,2012.0,Casual,Tonga Women Coffee Brown Shrug
21163,Women,Apparel,Topwear,Shrug,Grey,Fall,2011.0,Casual,s.Oliver Women Solid Grey Shrug
26371,Women,Apparel,Topwear,Shrug,Pink,Summer,2012.0,Casual,Arrow Woman Check Pink Shirt
58158,Women,Apparel,Topwear,Shrug,Maroon,Fall,2012.0,Casual,Latin Quarters Women Maroon Shrug
54992,Women,Apparel,Topwear,Shrug,Beige,Summer,2012.0,Casual,Femella Women Black & Beige Shrug
59863,Women,Personal Care,Skin Care,Eye Cream,Black,Spring,2017.0,Casual,Olay Women Total Effects Anti-Ageing Eye Cream
55561,Women,Personal Care,Skin Care,Eye Cream,White,Spring,2017.0,Casual,Revlon Touch & Glow Advanced Fairness Under Eye Repair Cream
57783,Women,Personal Care,Skin Care,Eye Cream,Gold,Spring,2017.0,,Lotus Herbals Nutraeye Rejuvenating & Correcting Eye Gel Eye Cream
57890,Women,Personal Care,Skin Care,Eye Cream,Green,Spring,2017.0,,Biotique Bio Seaweed Revitalizing Anti-Fatigue Eye Gel
55086,Women,Personal Care,Skin Care,Eye Cream,Cream,Spring,2017.0,Casual,Ponds Flawless White Under Eye Cream
57892,Women,Personal Care,Skin Care,Eye Cream,Beige,Spring,2017.0,Casual,Biotique Women Bio Almond Eye Cream
